#Date;Inv;Psum;Pmax
1/7/25;0;36378;0
1/7/25;1;3799;0
30/6/25;0;30112;0
30/6/25;1;3211;0
29/6/25;0;34096;0
29/6/25;1;3674;0
28/6/25;0;39351;0
28/6/25;1;4177;0
27/6/25;0;34170;0
27/6/25;1;3542;0
26/6/25;0;47607;0
26/6/25;1;5166;0
25/6/25;0;46341;0
25/6/25;1;4965;0
24/6/25;0;48002;0
24/6/25;1;5185;0
23/6/25;0;48094;0
23/6/25;1;5053;0
22/6/25;0;36684;0
22/6/25;1;3778;0
21/6/25;0;39027;0
21/6/25;1;4080;0
20/6/25;0;50337;0
20/6/25;1;5408;0
19/6/25;0;49866;0
19/6/25;1;5307;0
18/6/25;0;51065;0
18/6/25;1;5464;0
17/6/25;0;51473;0
17/6/25;1;5573;0
16/6/25;0;49143;0
16/6/25;1;5341;0
15/6/25;0;43571;0
15/6/25;1;4558;0
14/6/25;0;38073;0
14/6/25;1;3988;0
13/6/25;0;29161;0
13/6/25;1;3028;0
12/6/25;0;50585;0
12/6/25;1;5415;0
11/6/25;0;37579;0
11/6/25;1;3911;0
10/6/25;0;45216;0
10/6/25;1;4779;0
9/6/25;0;44130;0
9/6/25;1;4712;0
8/6/25;0;36240;0
8/6/25;1;4950;0
7/6/25;0;57188;0
7/6/25;1;6223;0
6/6/25;0;31872;0
6/6/25;1;5499;0
5/6/25;0;53642;0
5/6/25;1;5712;0
4/6/25;0;56440;0
4/6/25;1;5971;0
3/6/25;0;47068;0
3/6/25;1;5001;0
2/6/25;0;42479;0
2/6/25;1;4563;0
1/6/25;0;7873;0
1/6/25;1;3990;0
31/5/25;0;16477;0
31/5/25;1;2315;0
30/5/25;0;10310;0
30/5/25;1;3642;0
29/5/25;0;3996;0
29/5/25;1;2237;0
28/5/25;0;46373;0
28/5/25;1;5001;0
27/5/25;0;6527;0
27/5/25;1;4097;0
26/5/25;0;26372;0
26/5/25;1;3347;0
25/5/25;0;33307;0
25/5/25;1;3639;0
24/5/25;0;14511;0
24/5/25;1;4050;0
23/5/25;0;45412;0
23/5/25;1;4808;0
22/5/25;0;46845;0
22/5/25;1;5147;0
21/5/25;0;17146;0
21/5/25;1;1801;0
20/5/25;0;35998;0
20/5/25;1;3924;0
19/5/25;0;39293;0
19/5/25;1;4380;0
18/5/25;0;36272;0
18/5/25;1;4190;0
17/5/25;0;23292;0
17/5/25;1;2816;0
16/5/25;0;40817;0
16/5/25;1;4369;0
15/5/25;0;36257;0
15/5/25;1;3856;0
14/5/25;0;18780;0
14/5/25;1;2014;0
13/5/25;0;39215;0
13/5/25;1;4263;0
12/5/25;0;24831;0
12/5/25;1;2629;0
11/5/25;0;35549;0
11/5/25;1;3802;0
10/5/25;0;36918;0
10/5/25;1;3914;0
9/5/25;0;50038;0
9/5/25;1;5310;0
8/5/25;0;43978;0
8/5/25;1;4724;0
7/5/25;0;29408;0
7/5/25;1;3066;0
6/5/25;0;47767;0
6/5/25;1;5069;0
5/5/25;0;34501;0
5/5/25;1;3638;0
4/5/25;0;42048;0
4/5/25;1;4382;0
3/5/25;0;33948;0
3/5/25;1;3606;0
2/5/25;0;30379;0
2/5/25;1;3177;0
1/5/25;0;38632;0
1/5/25;1;4372;0
30/4/25;0;49416;0
30/4/25;1;5137;0
29/4/25;0;43804;0
29/4/25;1;4576;0
28/4/25;0;35583;0
28/4/25;1;3761;0
27/4/25;0;29112;0
27/4/25;1;2948;0
26/4/25;0;48613;0
26/4/25;1;5198;0
25/4/25;0;55358;0
25/4/25;1;5889;0
24/4/25;0;41811;0
24/4/25;1;4463;0
23/4/25;0;55226;0
23/4/25;1;5838;0
22/4/25;0;53171;0
22/4/25;1;5640;0
21/4/25;0;46002;0
21/4/25;1;4761;0
20/4/25;0;45971;0
20/4/25;1;4922;0
19/4/25;0;30335;0
19/4/25;1;3135;0
18/4/25;0;44291;0
18/4/25;1;4676;0
17/4/25;0;53274;0
17/4/25;1;5648;0
16/4/25;0;43016;0
16/4/25;1;4594;0
15/4/25;0;34045;0
15/4/25;1;3477;0
14/4/25;0;28600;0
14/4/25;1;3009;0
13/4/25;0;39692;0
13/4/25;1;4206;0
12/4/25;0;45711;0
12/4/25;1;4745;0
11/4/25;0;43254;0
11/4/25;1;4533;0
10/4/25;0;36497;0
10/4/25;1;3731;0
9/4/25;0;49231;0
9/4/25;1;5004;0
8/4/25;0;46777;0
8/4/25;1;4783;0
7/4/25;0;39690;0
7/4/25;1;4154;0
6/4/25;0;43562;0
6/4/25;1;4496;0
5/4/25;0;45661;0
5/4/25;1;4744;0
4/4/25;0;40369;0
4/4/25;1;4062;0
3/4/25;0;45064;0
3/4/25;1;4737;0
2/4/25;0;48891;0
2/4/25;1;4956;0
1/4/25;0;39803;0
1/4/25;1;4148;0
31/3/25;0;26195;0
31/3/25;1;2677;0
30/3/25;0;19232;0
30/3/25;1;1944;0
29/3/25;0;50087;0
29/3/25;1;5066;0
28/3/25;0;54312;0
28/3/25;1;5492;0
27/3/25;0;41352;0
27/3/25;1;4169;0
26/3/25;0;42935;0
26/3/25;1;4234;0
25/3/25;0;45921;0
25/3/25;1;4446;0
24/3/25;0;45010;0
24/3/25;1;4186;0
23/3/25;0;51175;0
23/3/25;1;4853;0
22/3/25;0;53196;0
22/3/25;1;5107;0
21/3/25;0;43197;0
21/3/25;1;4107;0
20/3/25;0;44866;0
20/3/25;1;4258;0
19/3/25;0;53673;0
19/3/25;1;5242;0
18/3/25;0;49413;0
18/3/25;1;4979;0
17/3/25;0;47193;0
17/3/25;1;4785;0
16/3/25;0;49968;0
16/3/25;1;5055;0
15/3/25;0;39685;0
15/3/25;1;3977;0
14/3/25;0;34572;0
14/3/25;1;3427;0
13/3/25;0;34169;0
13/3/25;1;3479;0
12/3/25;0;48124;0
12/3/25;1;4887;0
11/3/25;0;41728;0
11/3/25;1;4177;0
10/3/25;0;55309;0
10/3/25;1;5589;0
9/3/25;0;46428;0
9/3/25;1;4772;0
8/3/25;0;34160;0
8/3/25;1;3925;0
7/3/25;0;17893;0
7/3/25;1;1825;0
6/3/25;0;54278;0
6/3/25;1;5476;0
5/3/25;0;52088;0
5/3/25;1;5238;0
4/3/25;0;54346;0
4/3/25;1;5490;0
3/3/25;0;44337;0
3/3/25;1;4361;0
2/3/25;0;53583;0
2/3/25;1;5304;0
1/3/25;0;50221;0
1/3/25;1;4918;0
28/2/25;0;40443;0
28/2/25;1;3866;0
27/2/25;0;49451;0
27/2/25;1;4775;0
26/2/25;0;47753;0
26/2/25;1;4739;0
25/2/25;0;31858;0
25/2/25;1;3162;0
24/2/25;0;18595;0
24/2/25;1;1907;0
23/2/25;0;46039;0
23/2/25;1;4465;0
22/2/25;0;48400;0
22/2/25;1;4693;0
21/2/25;0;31416;0
21/2/25;1;2958;0
20/2/25;0;45280;0
20/2/25;1;4328;0
19/2/25;0;41198;0
19/2/25;1;3877;0
18/2/25;0;34810;0
18/2/25;1;2590;0
17/2/25;0;35259;0
17/2/25;1;3375;0
16/2/25;0;45815;0
16/2/25;1;4331;0
15/2/25;0;42449;0
15/2/25;1;4056;0
14/2/25;0;36493;0
14/2/25;1;3444;0
13/2/25;0;45007;0
13/2/25;1;4324;0
12/2/25;0;41528;0
12/2/25;1;3997;0
11/2/25;0;47798;0
11/2/25;1;4594;0
10/2/25;0;50614;0
10/2/25;1;4992;0
9/2/25;0;49737;0
9/2/25;1;4855;0
8/2/25;0;45035;0
8/2/25;1;4421;0
7/2/25;0;38868;0
7/2/25;1;3714;0
6/2/25;0;35893;0
6/2/25;1;3405;0
5/2/25;0;45923;0
5/2/25;1;4426;0
4/2/25;0;39960;0
4/2/25;1;3847;0
3/2/25;0;42999;0
3/2/25;1;4116;0
2/2/25;0;45785;0
2/2/25;1;4343;0
1/2/25;0;44448;0
1/2/25;1;4192;0
31/1/25;0;45324;0
31/1/25;1;4266;0
30/1/25;0;47769;0
30/1/25;1;4543;0
29/1/25;0;43658;0
29/1/25;1;4214;0
28/1/25;0;45442;0
28/1/25;1;4297;0
27/1/25;0;46082;0
27/1/25;1;4362;0
26/1/25;0;45800;0
26/1/25;1;4444;0
25/1/25;0;44413;0
25/1/25;1;4098;0
24/1/25;0;43870;0
24/1/25;1;3965;0
23/1/25;0;39824;0
23/1/25;1;3669;0
22/1/25;0;47358;0
22/1/25;1;4408;0
21/1/25;0;50343;0
21/1/25;1;4756;0
20/1/25;0;44679;0
20/1/25;1;3989;0
19/1/25;0;51360;0
19/1/25;1;4791;0
18/1/25;0;51623;0
18/1/25;1;4852;0
17/1/25;0;49960;0
17/1/25;1;4775;0
16/1/25;0;41645;0
16/1/25;1;4123;0
15/1/25;0;49885;0
15/1/25;1;4728;0
14/1/25;0;45824;0
14/1/25;1;4262;0
13/1/25;0;52199;0
13/1/25;1;4907;0
12/1/25;0;44921;0
12/1/25;1;4136;0
11/1/25;0;50263;0
11/1/25;1;4833;0
10/1/25;0;49676;0
10/1/25;1;4767;0
9/1/25;0;47344;0
9/1/25;1;4482;0
8/1/25;0;49164;0
8/1/25;1;4661;0
7/1/25;0;48404;0
7/1/25;1;4515;0
6/1/25;0;52146;0
6/1/25;1;4737;0
5/1/25;0;50505;0
5/1/25;1;4757;0
4/1/25;0;49288;0
4/1/25;1;4712;0
3/1/25;0;49288;0
3/1/25;1;4722;0
2/1/25;0;51383;0
2/1/25;1;4829;0
1/1/25;0;52485;0
1/1/25;1;4980;0
31/12/24;0;47438;0
31/12/24;1;4842;0
30/12/24;0;49994;0
30/12/24;1;4800;0
29/12/24;0;44700;0
29/12/24;1;4443;0
28/12/24;0;38786;0
28/12/24;1;3840;0
27/12/24;0;44942;0
27/12/24;1;4452;0
26/12/24;0;43258;0
26/12/24;1;4279;0
25/12/24;0;49243;0
25/12/24;1;4735;0
24/12/24;0;49253;0
24/12/24;1;4888;0
23/12/24;0;50221;0
23/12/24;1;4964;0
22/12/24;0;50270;0
22/12/24;1;4788;0
21/12/24;0;50420;0
21/12/24;1;4784;0
20/12/24;0;47796;0
20/12/24;1;4471;0
19/12/24;0;52553;0
19/12/24;1;5033;0
18/12/24;0;51332;0
18/12/24;1;5004;0
17/12/24;0;52160;0
17/12/24;1;5087;0
16/12/24;0;46755;0
16/12/24;1;4685;0
15/12/24;0;38730;0
15/12/24;1;3906;0
14/12/24;0;26119;0
14/12/24;1;2680;0
13/12/24;0;20069;0
13/12/24;1;2079;0
12/12/24;0;38107;0
12/12/24;1;3890;0
11/12/24;0;48908;0
11/12/24;1;4853;0
10/12/24;0;49117;0
10/12/24;1;4754;0
9/12/24;0;41828;0
9/12/24;1;4026;0
8/12/24;0;40632;0
8/12/24;1;3976;0
7/12/24;0;46815;0
7/12/24;1;4621;0
6/12/24;0;50744;0
6/12/24;1;4965;0
5/12/24;0;49188;0
5/12/24;1;4851;0
4/12/24;0;51489;0
4/12/24;1;5042;0
3/12/24;0;51927;0
3/12/24;1;5012;0
2/12/24;0;51960;0
2/12/24;1;4952;0
1/12/24;0;54474;0
1/12/24;1;5252;0
30/11/24;0;54576;0
30/11/24;1;5275;0
29/11/24;0;51053;0
29/11/24;1;5138;0
28/11/24;0;53555;0
28/11/24;1;5301;0
27/11/24;0;50956;0
27/11/24;1;5055;0
26/11/24;0;46045;0
26/11/24;1;4558;0
25/11/24;0;50058;0
25/11/24;1;4977;0
24/11/24;0;45535;0
24/11/24;1;4494;0
23/11/24;0;51829;0
23/11/24;1;5208;0
22/11/24;0;46645;0
22/11/24;1;4606;0
21/11/24;0;50908;0
21/11/24;1;5022;0
20/11/24;0;51688;0
20/11/24;1;5132;0
19/11/24;0;50585;0
19/11/24;1;5042;0
18/11/24;0;48891;0
18/11/24;1;4821;0
17/11/24;0;31900;0
17/11/24;1;3083;0
16/11/24;0;46890;0
16/11/24;1;4735;0
15/11/24;0;19882;0
15/11/24;1;2060;0
14/11/24;0;40962;0
14/11/24;1;3995;0
13/11/24;0;48863;0
13/11/24;1;4820;0
12/11/24;0;51398;0
12/11/24;1;5049;0
11/11/24;0;55633;0
11/11/24;1;5565;0
10/11/24;0;54783;0
10/11/24;1;5420;0
9/11/24;0;54909;0
9/11/24;1;5525;0
8/11/24;0;43136;0
8/11/24;1;4388;0
7/11/24;0;38607;0
7/11/24;1;3943;0
6/11/24;0;29644;0
6/11/24;1;2992;0
5/11/24;0;36344;0
5/11/24;1;3666;0
4/11/24;0;38003;0
4/11/24;1;3835;0
3/11/24;0;52654;0
3/11/24;1;5235;0
2/11/24;0;51659;0
2/11/24;1;5167;0
1/11/24;0;48792;0
1/11/24;1;4811;0
31/10/24;0;58335;0
31/10/24;1;5787;0
30/10/24;0;47610;0
30/10/24;1;4784;0
29/10/24;0;39971;0
29/10/24;1;3983;0
28/10/24;0;40350;0
28/10/24;1;4163;0
27/10/24;0;43282;0
27/10/24;1;4316;0
26/10/24;0;52698;0
26/10/24;1;5374;0
25/10/24;0;48896;0
25/10/24;1;4872;0
24/10/24;0;53483;0
24/10/24;1;5410;0
23/10/24;0;43470;0
23/10/24;1;4370;0
22/10/24;0;40742;0
22/10/24;1;4201;0
21/10/24;0;45179;0
21/10/24;1;4580;0
20/10/24;0;40972;0
20/10/24;1;4213;0
19/10/24;0;33447;0
19/10/24;1;3460;0
18/10/24;0;30300;0
18/10/24;1;3091;0
17/10/24;0;40840;0
17/10/24;1;4106;0
16/10/24;0;31678;0
16/10/24;1;3129;0
15/10/24;0;47658;0
15/10/24;1;4762;0
14/10/24;0;43287;0
14/10/24;1;4440;0
13/10/24;0;34667;0
13/10/24;1;3469;0
12/10/24;0;36482;0
12/10/24;1;3649;0
11/10/24;0;40799;0
11/10/24;1;4268;0
10/10/24;0;39253;0
10/10/24;1;3943;0
9/10/24;0;33367;0
9/10/24;1;3368;0
8/10/24;0;40273;0
8/10/24;1;4025;0
7/10/24;0;39471;0
7/10/24;1;4031;0
6/10/24;0;51739;0
6/10/24;1;5259;0
5/10/24;0;55394;0
5/10/24;1;5678;0
4/10/24;0;36722;0
4/10/24;1;3945;0
3/10/24;0;39710;0
3/10/24;1;4214;0
2/10/24;0;24697;0
2/10/24;1;2597;0
1/10/24;0;33858;0
1/10/24;1;3448;0
30/9/24;0;56595;0
30/9/24;1;5737;0
29/9/24;0;43708;0
29/9/24;1;4457;0
28/9/24;0;42641;0
28/9/24;1;4345;0
27/9/24;0;33061;0
27/9/24;1;3294;0
26/9/24;0;46193;0
26/9/24;1;4913;0
25/9/24;0;36084;0
25/9/24;1;3748;0
24/9/24;0;27658;0
24/9/24;1;2873;0
23/9/24;0;46174;0
23/9/24;1;4424;0
22/9/24;0;34739;0
22/9/24;1;3628;0
21/9/24;0;32934;0
21/9/24;1;3409;0
20/9/24;0;40559;0
20/9/24;1;4135;0
19/9/24;0;50888;0
19/9/24;1;5326;0
18/9/24;0;27241;0
18/9/24;1;2766;0
17/9/24;0;39391;0
17/9/24;1;4027;0
16/9/24;0;54815;0
16/9/24;1;5778;0
15/9/24;0;50794;0
15/9/24;1;5270;0
14/9/24;0;45165;0
14/9/24;1;4652;0
13/9/24;0;38668;0
13/9/24;1;4066;0
12/9/24;0;42833;0
12/9/24;1;4483;0
11/9/24;0;39145;0
11/9/24;1;4006;0
10/9/24;0;46735;0
10/9/24;1;4780;0
9/9/24;0;40740;0
9/9/24;1;4149;0
8/9/24;0;43913;0
8/9/24;1;4449;0
7/9/24;0;50509;0
7/9/24;1;5189;0
6/9/24;0;53735;0
6/9/24;1;5526;0
5/9/24;0;57785;0
5/9/24;1;5942;0
4/9/24;0;42861;0
4/9/24;1;4615;0
3/9/24;0;8658;0
3/9/24;1;2939;0
2/9/24;0;36617;0
2/9/24;1;3819;0
1/9/24;0;32021;0
1/9/24;1;6100;0
31/8/24;0;37446;0
31/8/24;1;5192;0
30/8/24;0;15420;0
30/8/24;1;4626;0
29/8/24;0;25994;0
29/8/24;1;3491;0
28/8/24;0;30017;0
28/8/24;1;3325;0
27/8/24;0;54115;0
27/8/24;1;5609;0
26/8/24;0;46683;0
26/8/24;1;4787;0
25/8/24;0;32062;0
25/8/24;1;5253;0
24/8/24;0;39100;0
24/8/24;1;4006;0
23/8/24;0;46502;0
23/8/24;1;4812;0
22/8/24;0;58723;0
22/8/24;1;6180;0
21/8/24;0;42312;0
21/8/24;1;4467;0
20/8/24;0;11992;0
20/8/24;1;3577;0
19/8/24;0;31358;0
19/8/24;1;4621;0
18/8/24;0;17849;0
18/8/24;1;4477;0
17/8/24;0;48703;0
17/8/24;1;5261;0
16/8/24;0;27770;0
16/8/24;1;5677;0
15/8/24;0;49395;0
15/8/24;1;5876;0
14/8/24;0;52538;0
14/8/24;1;5670;0
13/8/24;0;34057;0
13/8/24;1;5141;0
12/8/24;0;41610;0
12/8/24;1;4453;0
11/8/24;0;49917;0
11/8/24;1;5135;0
10/8/24;0;47840;0
10/8/24;1;5107;0
28/2/22;0;0;0
28/2/22;1;1062;0
27/2/22;0;0;0
27/2/22;1;5511;0
26/2/22;0;0;0
26/2/22;1;5243;0
25/2/22;0;0;0
25/2/22;1;5552;0
24/2/22;0;0;0
24/2/22;1;5753;0
23/2/22;0;0;0
23/2/22;1;5477;0
22/2/22;0;0;0
22/2/22;1;3996;0
21/2/22;0;0;0
21/2/22;1;3134;0
20/2/22;0;0;0
20/2/22;1;4382;0
19/2/22;0;0;0
19/2/22;1;5017;0
18/2/22;0;0;0
18/2/22;1;3319;0
17/2/22;0;0;0
17/2/22;1;2769;0
16/2/22;0;0;0
16/2/22;1;2445;0
15/2/22;0;0;0
15/2/22;1;2209;0
14/2/22;0;0;0
14/2/22;1;3369;0
13/2/22;0;0;0
13/2/22;1;3865;0
12/2/22;0;0;0
12/2/22;1;2807;0
11/2/22;0;0;0
11/2/22;1;3175;0
10/2/22;0;0;0
10/2/22;1;2379;0
9/2/22;0;0;0
9/2/22;1;2820;0
8/2/22;0;0;0
8/2/22;1;3762;0
7/2/22;0;0;0
7/2/22;1;4982;0
6/2/22;0;0;0
6/2/22;1;4800;0
5/2/22;0;0;0
5/2/22;1;4416;0
4/2/22;0;11450;0
4/2/22;1;4424;0
3/2/22;0;35282;0
3/2/22;1;3449;0
2/2/22;0;38411;0
2/2/22;1;3691;0
1/2/22;0;34677;0
1/2/22;1;3343;0
31/1/22;0;52577;0
31/1/22;1;5089;0
30/1/22;0;58569;0
30/1/22;1;5579;0
29/1/22;0;52768;0
29/1/22;1;5071;0
28/1/22;0;34473;0
28/1/22;1;3178;0
27/1/22;0;33433;0
27/1/22;1;3112;0
26/1/22;0;44319;0
26/1/22;1;4121;0
25/1/22;0;51589;0
25/1/22;1;4838;0
24/1/22;0;57621;0
24/1/22;1;5368;0
23/1/22;0;55169;0
23/1/22;1;5240;0
22/1/22;0;35578;0
22/1/22;1;3414;0
21/1/22;0;28583;0
21/1/22;1;2798;0
20/1/22;0;47071;0
20/1/22;1;4413;0
19/1/22;0;49045;0
19/1/22;1;4649;0
18/1/22;0;50898;0
18/1/22;1;4821;0
17/1/22;0;44809;0
17/1/22;1;4114;0
16/1/22;0;46074;0
16/1/22;1;4267;0
15/1/22;0;51509;0
15/1/22;1;4816;0
14/1/22;0;50929;0
14/1/22;1;4790;0
13/1/22;0;50546;0
13/1/22;1;4768;0
12/1/22;0;46274;0
12/1/22;1;4361;0
11/1/22;0;51203;0
11/1/22;1;4800;0
10/1/22;0;52371;0
10/1/22;1;4877;0
9/1/22;0;51203;0
9/1/22;1;4768;0
8/1/22;0;51099;0
8/1/22;1;4772;0
7/1/22;0;51322;0
7/1/22;1;4823;0
6/1/22;0;51483;0
6/1/22;1;4821;0
5/1/22;0;49906;0
5/1/22;1;4681;0
4/1/22;0;40748;0
4/1/22;1;3956;0
3/1/22;0;43576;0
3/1/22;1;4110;0
2/1/22;0;49857;0
2/1/22;1;4621;0
1/1/22;0;53543;0
1/1/22;1;5079;0
31/12/21;0;52009;0
31/12/21;1;4991;0
30/12/21;0;35205;0
30/12/21;1;3526;0
29/12/21;0;44607;0
29/12/21;1;4225;0
28/12/21;0;51917;0
28/12/21;1;4880;0
27/12/21;0;50865;0
27/12/21;1;4824;0
26/12/21;0;42555;0
26/12/21;1;4034;0
25/12/21;0;50022;0
25/12/21;1;4807;0
24/12/21;0;39955;0
24/12/21;1;3745;0
23/12/21;0;45749;0
23/12/21;1;4184;0
22/12/21;0;46059;0
22/12/21;1;4131;0
21/12/21;0;47083;0
21/12/21;1;4254;0
20/12/21;0;50895;0
20/12/21;1;4701;0
19/12/21;0;42965;0
19/12/21;1;4039;0
18/12/21;0;46990;0
18/12/21;1;4545;0
17/12/21;0;49030;0
17/12/21;1;4552;0
16/12/21;0;52850;0
16/12/21;1;4865;0
15/12/21;0;11274;0
15/12/21;1;1110;0
17/11/21;0;2663;0
17/11/21;1;882;0
16/11/21;0;40486;0
16/11/21;1;4121;0
15/11/21;0;44426;0
15/11/21;1;4290;0
14/11/21;0;29337;0
14/11/21;1;2754;0
13/11/21;0;31661;0
13/11/21;1;3119;0
12/11/21;0;41780;0
12/11/21;1;4138;0
11/11/21;0;46924;0
11/11/21;1;4618;0
10/11/21;0;48731;0
10/11/21;1;4881;0
9/11/21;0;40893;0
9/11/21;1;4157;0
8/11/21;0;35292;0
8/11/21;1;3401;0
7/11/21;0;52997;0
7/11/21;1;5295;0
6/11/21;0;35076;0
6/11/21;1;3292;0
5/11/21;0;46033;0
5/11/21;1;4486;0
4/11/21;0;41407;0
4/11/21;1;4099;0
3/11/21;0;41015;0
3/11/21;1;4014;0
2/11/21;0;35932;0
2/11/21;1;3470;0
1/11/21;0;44925;0
1/11/21;1;4502;0
31/10/21;0;26394;0
31/10/21;1;2565;0
30/10/21;0;48128;0
30/10/21;1;4675;0
29/10/21;0;28152;0
29/10/21;1;2795;0
28/10/21;0;17673;0
28/10/21;1;1797;0
27/10/21;0;52563;0
27/10/21;1;5109;0
26/10/21;0;56328;0
26/10/21;1;5538;0
25/10/21;0;55870;0
25/10/21;1;5598;0
24/10/21;0;52541;0
24/10/21;1;5289;0
23/10/21;0;44634;0
23/10/21;1;4507;0
22/10/21;0;33860;0
22/10/21;1;3316;0
21/10/21;0;40446;0
21/10/21;1;4017;0
20/10/21;0;46120;0
20/10/21;1;4486;0
19/10/21;0;28556;0
19/10/21;1;2894;0
18/10/21;0;30150;0
18/10/21;1;3049;0
17/10/21;0;16510;0
17/10/21;1;1711;0
16/10/21;0;45195;0
16/10/21;1;4516;0
15/10/21;0;22490;0
15/10/21;1;2249;0
14/10/21;0;43135;0
14/10/21;1;4340;0
13/10/21;0;44766;0
13/10/21;1;4516;0
12/10/21;0;32177;0
12/10/21;1;3171;0
11/10/21;0;41825;0
11/10/21;1;4171;0
10/10/21;0;59972;0
10/10/21;1;6020;0
9/10/21;0;28411;0
9/10/21;1;2841;0
8/10/21;0;45462;0
8/10/21;1;4523;0
7/10/21;0;44118;0
7/10/21;1;4501;0
6/10/21;0;39903;0
6/10/21;1;4038;0
5/10/21;0;58335;0
5/10/21;1;5833;0
4/10/21;0;40151;0
4/10/21;1;3995;0
3/10/21;0;46128;0
3/10/21;1;4565;0
2/10/21;0;40274;0
2/10/21;1;4025;0
1/10/21;0;44826;0
1/10/21;1;4436;0
30/9/21;0;50339;0
30/9/21;1;4986;0
29/9/21;0;58115;0
29/9/21;1;5826;0
28/9/21;0;42188;0
28/9/21;1;4215;0
27/9/21;0;40355;0
27/9/21;1;4068;0
26/9/21;0;35846;0
26/9/21;1;3655;0
25/9/21;0;14379;0
25/9/21;1;1485;0
24/9/21;0;42594;0
24/9/21;1;4255;0
23/9/21;0;43907;0
23/9/21;1;4381;0
22/9/21;0;33285;0
22/9/21;1;3343;0
21/9/21;0;30878;0
21/9/21;1;3208;0
20/9/21;0;30874;0
20/9/21;1;3101;0
19/9/21;0;29791;0
19/9/21;1;2858;0
18/9/21;0;48537;0
18/9/21;1;4817;0
17/9/21;0;43959;0
17/9/21;1;4313;0
16/9/21;0;32263;0
16/9/21;1;3341;0
15/9/21;0;27238;0
15/9/21;1;2772;0
14/9/21;0;29534;0
14/9/21;1;3006;0
13/9/21;0;51004;0
13/9/21;1;5066;0
12/9/21;0;47558;0
12/9/21;1;4823;0
11/9/21;0;42256;0
11/9/21;1;4231;0
10/9/21;0;22502;0
10/9/21;1;2200;0
9/9/21;0;21142;0
9/9/21;1;2116;0
8/9/21;0;31203;0
8/9/21;1;3125;0
7/9/21;0;24169;0
7/9/21;1;2546;0
6/9/21;0;38628;0
6/9/21;1;3896;0
5/9/21;0;45185;0
5/9/21;1;4666;0
4/9/21;0;50591;0
4/9/21;1;5071;0
3/9/21;0;42058;0
3/9/21;1;4327;0
2/9/21;0;47886;0
2/9/21;1;4848;0
1/9/21;0;33678;0
1/9/21;1;3394;0
31/8/21;0;42603;0
31/8/21;1;4413;0
30/8/21;0;31591;0
30/8/21;1;3163;0
29/8/21;0;40524;0
29/8/21;1;4114;0
28/8/21;0;39240;0
28/8/21;1;4067;0
27/8/21;0;29514;0
27/8/21;1;3061;0
26/8/21;0;26303;0
26/8/21;1;2628;0
25/8/21;0;46549;0
25/8/21;1;4761;0
24/8/21;0;54349;0
24/8/21;1;5600;0
23/8/21;0;59180;0
23/8/21;1;6149;0
22/8/21;0;53598;0
22/8/21;1;5582;0
21/8/21;0;32643;0
21/8/21;1;3503;0
20/8/21;0;42679;0
20/8/21;1;4329;0
19/8/21;0;53003;0
19/8/21;1;5326;0
18/8/21;0;57148;0
18/8/21;1;5757;0
17/8/21;0;58533;0
17/8/21;1;5964;0
16/8/21;0;33406;0
16/8/21;1;3405;0
15/8/21;0;32892;0
15/8/21;1;3292;0
14/8/21;0;34690;0
14/8/21;1;3471;0
13/8/21;0;51109;0
13/8/21;1;5161;0
12/8/21;0;47177;0
12/8/21;1;4925;0
11/8/21;0;26644;0
11/8/21;1;2634;0
10/8/21;0;55903;0
10/8/21;1;5663;0
9/8/21;0;57818;0
9/8/21;1;5981;0
8/8/21;0;58672;0
8/8/21;1;5996;0
7/8/21;0;48598;0
7/8/21;1;4865;0
6/8/21;0;42687;0
6/8/21;1;4315;0
5/8/21;0;38838;0
5/8/21;1;3902;0
4/8/21;0;47256;0
4/8/21;1;4758;0
3/8/21;0;38207;0
3/8/21;1;3819;0
2/8/21;0;51155;0
2/8/21;1;5119;0
1/8/21;0;47015;0
1/8/21;1;4698;0
31/7/21;0;50077;0
31/7/21;1;5119;0
30/7/21;0;48886;0
30/7/21;1;4950;0
29/7/21;0;47148;0
29/7/21;1;4764;0
28/7/21;0;46743;0
28/7/21;1;4858;0
27/7/21;0;47831;0
27/7/21;1;5056;0
26/7/21;0;46779;0
26/7/21;1;4748;0
25/7/21;0;23544;0
25/7/21;1;2405;0
24/7/21;0;27337;0
24/7/21;1;2749;0
23/7/21;0;33873;0
23/7/21;1;3375;0
22/7/21;0;42186;0
22/7/21;1;4259;0
21/7/21;0;42683;0
21/7/21;1;4327;0
20/7/21;0;46380;0
20/7/21;1;4695;0
19/7/21;0;44003;0
19/7/21;1;4447;0
18/7/21;0;46634;0
18/7/21;1;4855;0
17/7/21;0;51815;0
17/7/21;1;5316;0
16/7/21;0;37717;0
16/7/21;1;3854;0
15/7/21;0;31222;0
15/7/21;1;3107;0
14/7/21;0;23742;0
14/7/21;1;2379;0
13/7/21;0;47013;0
13/7/21;1;4728;0
12/7/21;0;43508;0
12/7/21;1;4458;0
11/7/21;0;34237;0
11/7/21;1;3772;0
10/7/21;0;35853;0
10/7/21;1;3727;0
9/7/21;0;35198;0
9/7/21;1;3590;0
8/7/21;0;47141;0
8/7/21;1;4901;0
7/7/21;0;47124;0
7/7/21;1;4821;0
6/7/21;0;40682;0
6/7/21;1;4136;0
5/7/21;0;47913;0
5/7/21;1;4826;0
4/7/21;0;56452;0
4/7/21;1;6001;0
3/7/21;0;58374;0
3/7/21;1;6237;0
2/7/21;0;55002;0
2/7/21;1;5752;0
1/7/21;0;52659;0
1/7/21;1;5480;0
30/6/21;0;53629;0
30/6/21;1;5545;0
29/6/21;0;53845;0
29/6/21;1;5686;0
28/6/21;0;39692;0
28/6/21;1;4092;0
27/6/21;0;53950;0
27/6/21;1;5795;0
26/6/21;0;45427;0
26/6/21;1;4684;0
25/6/21;0;49601;0
25/6/21;1;5203;0
24/6/21;0;54729;0
24/6/21;1;5658;0
23/6/21;0;54328;0
23/6/21;1;5705;0
22/6/21;0;56133;0
22/6/21;1;5846;0
21/6/21;0;55679;0
21/6/21;1;5780;0
20/6/21;0;57345;0
20/6/21;1;6032;0
19/6/21;0;58317;0
19/6/21;1;6130;0
18/6/21;0;55349;0
18/6/21;1;5752;0
17/6/21;0;39091;0
17/6/21;1;4222;0
16/6/21;0;49608;0
16/6/21;1;5109;0
15/6/21;0;25107;0
15/6/21;1;2470;0
14/6/21;0;32661;0
14/6/21;1;3261;0
13/6/21;0;37220;0
13/6/21;1;3763;0
12/6/21;0;36916;0
12/6/21;1;3700;0
11/6/21;0;35813;0
11/6/21;1;3610;0
10/6/21;0;39581;0
10/6/21;1;4066;0
9/6/21;0;37644;0
9/6/21;1;3841;0
8/6/21;0;48072;0
8/6/21;1;4902;0
7/6/21;0;54713;0
7/6/21;1;5626;0
6/6/21;0;59257;0
6/6/21;1;6252;0
5/6/21;0;53954;0
5/6/21;1;5556;0
4/6/21;0;58591;0
4/6/21;1;6212;0
3/6/21;0;55955;0
3/6/21;1;5742;0
2/6/21;0;56146;0
2/6/21;1;5767;0
1/6/21;0;55545;0
1/6/21;1;5845;0
31/5/21;0;57247;0
31/5/21;1;6016;0
30/5/21;0;48505;0
30/5/21;1;5065;0
29/5/21;0;52207;0
29/5/21;1;5536;0
28/5/21;0;31889;0
28/5/21;1;3284;0
27/5/21;0;53090;0
27/5/21;1;5421;0
26/5/21;0;41955;0
26/5/21;1;4378;0
25/5/21;0;51939;0
25/5/21;1;5308;0
24/5/21;0;54204;0
24/5/21;1;5630;0
23/5/21;0;41545;0
23/5/21;1;5702;0
22/5/21;0;57171;0
22/5/21;1;6080;0
21/5/21;0;57168;0
21/5/21;1;5958;0
20/5/21;0;51548;0
20/5/21;1;5312;0
19/5/21;0;57010;0
19/5/21;1;6015;0
18/5/21;0;48556;0
18/5/21;1;5005;0
17/5/21;0;43765;0
17/5/21;1;4433;0
16/5/21;0;39743;0
16/5/21;1;3993;0
15/5/21;0;33061;0
15/5/21;1;3312;0
14/5/21;0;45882;0
14/5/21;1;4737;0
13/5/21;0;43781;0
13/5/21;1;4521;0
12/5/21;0;54289;0
12/5/21;1;5544;0
11/5/21;0;48979;0
11/5/21;1;4997;0
10/5/21;0;59067;0
10/5/21;1;6126;0
9/5/21;0;55373;0
9/5/21;1;5835;0
8/5/21;0;45774;0
8/5/21;1;4750;0
7/5/21;0;45915;0
7/5/21;1;4793;0
6/5/21;0;28865;0
6/5/21;1;3041;0
5/5/21;0;50464;0
5/5/21;1;5072;0
4/5/21;0;50823;0
4/5/21;1;5111;0
3/5/21;0;49635;0
3/5/21;1;4971;0
2/5/21;0;32959;0
2/5/21;1;3261;0
1/5/21;0;37177;0
1/5/21;1;3918;0
30/4/21;0;41076;0
30/4/21;1;4183;0
29/4/21;0;22566;0
29/4/21;1;2220;0
28/4/21;0;38071;0
28/4/21;1;3845;0
27/4/21;0;15533;0
27/4/21;1;1574;0
26/4/21;0;38099;0
26/4/21;1;3767;0
25/4/21;0;56422;0
25/4/21;1;5687;0
24/4/21;0;45473;0
24/4/21;1;4519;0
23/4/21;0;55990;0
23/4/21;1;5608;0
22/4/21;0;56141;0
22/4/21;1;5689;0
21/4/21;0;34314;0
21/4/21;1;3394;0
20/4/21;0;43525;0
20/4/21;1;4500;0
19/4/21;0;52939;0
19/4/21;1;5394;0
18/4/21;0;45598;0
18/4/21;1;4550;0
17/4/21;0;58084;0
17/4/21;1;5861;0
16/4/21;0;41134;0
16/4/21;1;4095;0
15/4/21;0;55304;0
15/4/21;1;5637;0
14/4/21;0;39892;0
14/4/21;1;3932;0
13/4/21;0;43387;0
13/4/21;1;4263;0
12/4/21;0;42423;0
12/4/21;1;4132;0
11/4/21;0;39561;0
11/4/21;1;3856;0
10/4/21;0;41436;0
10/4/21;1;4124;0
9/4/21;0;38798;0
9/4/21;1;3737;0
8/4/21;0;53255;0
8/4/21;1;5475;0
7/4/21;0;48069;0
7/4/21;1;4844;0
6/4/21;0;22205;0
6/4/21;1;2221;0
5/4/21;0;26716;0
5/4/21;1;2672;0
4/4/21;0;22164;0
4/4/21;1;2169;0
3/4/21;0;46764;0
3/4/21;1;4777;0
2/4/21;0;49479;0
2/4/21;1;5258;0
1/4/21;0;39491;0
1/4/21;1;3907;0
31/3/21;0;49305;0
31/3/21;1;4834;0
30/3/21;0;49538;0
30/3/21;1;4892;0
29/3/21;0;47771;0
29/3/21;1;4857;0
28/3/21;0;47559;0
28/3/21;1;4747;0
27/3/21;0;45843;0
27/3/21;1;4557;0
26/3/21;0;40315;0
26/3/21;1;3899;0
25/3/21;0;48885;0
25/3/21;1;4664;0
24/3/21;0;47408;0
24/3/21;1;4510;0
23/3/21;0;44916;0
23/3/21;1;4313;0
22/3/21;0;16516;0
22/3/21;1;1731;0
21/3/21;0;45908;0
21/3/21;1;4473;0
20/3/21;0;47992;0
20/3/21;1;4703;0
19/3/21;0;42367;0
19/3/21;1;4084;0
18/3/21;0;44243;0
18/3/21;1;4174;0
17/3/21;0;41579;0
17/3/21;1;3939;0
16/3/21;0;44852;0
16/3/21;1;4187;0
15/3/21;0;38362;0
15/3/21;1;3568;0
14/3/21;0;34800;0
14/3/21;1;3189;0
13/3/21;0;43763;0
13/3/21;1;4073;0
12/3/21;0;46719;0
12/3/21;1;4397;0
11/3/21;0;48496;0
11/3/21;1;4622;0
10/3/21;0;38573;0
10/3/21;1;3619;0
9/3/21;0;46792;0
9/3/21;1;4495;0
8/3/21;0;34924;0
8/3/21;1;3280;0
7/3/21;0;55308;0
7/3/21;1;5364;0
6/3/21;0;56035;0
6/3/21;1;5465;0
5/3/21;0;43313;0
5/3/21;1;4226;0
4/3/21;0;28222;0
4/3/21;1;4409;0
3/3/21;0;0;0
3/3/21;1;1944;0
2/3/21;0;0;0
2/3/21;1;4036;0
1/3/21;0;0;0
1/3/21;1;3884;0
28/2/21;0;0;0
28/2/21;1;4249;0
27/2/21;0;0;0
27/2/21;1;4614;0
26/2/21;0;18151;0
26/2/21;1;4631;0
25/2/21;0;48944;0
25/2/21;1;4459;0
24/2/21;0;44927;0
24/2/21;1;4059;0
23/2/21;0;44109;0
23/2/21;1;3987;0
22/2/21;0;41126;0
22/2/21;1;3632;0
21/2/21;0;51566;0
21/2/21;1;4598;0
20/2/21;0;53326;0
20/2/21;1;4807;0
19/2/21;0;50849;0
19/2/21;1;4517;0
18/2/21;0;50242;0
18/2/21;1;4434;0
17/2/21;0;38172;0
17/2/21;1;3513;0
16/2/21;0;33147;0
16/2/21;1;2953;0
15/2/21;0;39710;0
15/2/21;1;3555;0
14/2/21;0;45200;0
14/2/21;1;4017;0
13/2/21;0;50299;0
13/2/21;1;4460;0
12/2/21;0;55135;0
12/2/21;1;4943;0
11/2/21;0;53813;0
11/2/21;1;4790;0
10/2/21;0;52934;0
10/2/21;1;4774;0
9/2/21;0;29338;0
9/2/21;1;2731;0
8/2/21;0;28412;0
8/2/21;1;2637;0
7/2/21;0;48737;0
7/2/21;1;4525;0
6/2/21;0;49763;0
6/2/21;1;4618;0
5/2/21;0;51718;0
5/2/21;1;4817;0
4/2/21;0;49210;0
4/2/21;1;4525;0
3/2/21;0;49705;0
3/2/21;1;4614;0
2/2/21;0;50348;0
2/2/21;1;4754;0
1/2/21;0;43008;0
1/2/21;1;3851;0
31/1/21;0;47044;0
31/1/21;1;4272;0
30/1/21;0;47204;0
30/1/21;1;4384;0
29/1/21;0;44659;0
29/1/21;1;4271;0
28/1/21;0;0;0
28/1/21;1;4102;0
27/1/21;0;0;0
27/1/21;1;3832;0
26/1/21;0;0;0
26/1/21;1;4064;0
25/1/21;0;0;0
25/1/21;1;3275;0
24/1/21;0;0;0
24/1/21;1;3658;0
23/1/21;0;0;0
23/1/21;1;3797;0
22/1/21;0;0;0
22/1/21;1;4173;0
21/1/21;0;0;0
21/1/21;1;4183;0
20/1/21;0;0;0
20/1/21;1;4343;0
19/1/21;0;0;0
19/1/21;1;4252;0
18/1/21;0;0;0
18/1/21;1;4383;0
17/1/21;0;0;0
17/1/21;1;3487;0
16/1/21;0;0;0
16/1/21;1;3831;0
15/1/21;0;0;0
15/1/21;1;4205;0
14/1/21;0;0;0
14/1/21;1;4480;0
13/1/21;0;0;0
13/1/21;1;4840;0
12/1/21;0;0;0
12/1/21;1;4574;0
11/1/21;0;0;0
11/1/21;1;4037;0
10/1/21;0;0;0
10/1/21;1;4524;0
9/1/21;0;0;0
9/1/21;1;4553;0
8/1/21;0;0;0
8/1/21;1;4516;0
7/1/21;0;0;0
7/1/21;1;4431;0
6/1/21;0;0;0
6/1/21;1;4298;0
5/1/21;0;0;0
5/1/21;1;3973;0
4/1/21;0;0;0
4/1/21;1;5050;0
3/1/21;0;0;0
3/1/21;1;4906;0
2/1/21;0;0;0
2/1/21;1;5096;0
1/1/21;0;0;0
1/1/21;1;4929;0
31/12/20;0;0;0
31/12/20;1;5100;0
30/12/20;0;0;0
30/12/20;1;4789;0
29/12/20;0;0;0
29/12/20;1;3819;0
28/12/20;0;0;0
28/12/20;1;3890;0
27/12/20;0;0;0
27/12/20;1;4580;0
26/12/20;0;0;0
26/12/20;1;3839;0
25/12/20;0;0;0
25/12/20;1;2509;0
24/12/20;0;0;0
24/12/20;1;4533;0
23/12/20;0;15591;0
23/12/20;1;1915;0
22/12/20;0;55716;0
22/12/20;1;5185;0
21/12/20;0;56673;0
21/12/20;1;5203;0
20/12/20;0;52613;0
20/12/20;1;4913;0
19/12/20;0;53068;0
19/12/20;1;5067;0
18/12/20;0;54255;0
18/12/20;1;5180;0
17/12/20;0;45244;0
17/12/20;1;4208;0
16/12/20;0;31365;0
16/12/20;1;3038;0
15/12/20;0;36056;0
15/12/20;1;3375;0
14/12/20;0;33971;0
14/12/20;1;3286;0
13/12/20;0;31517;0
13/12/20;1;2904;0
12/12/20;0;40570;0
12/12/20;1;3762;0
11/12/20;0;48590;0
11/12/20;1;4705;0
10/12/20;0;56241;0
10/12/20;1;5107;0
9/12/20;0;56116;0
9/12/20;1;5139;0
8/12/20;0;48331;0
8/12/20;1;4667;0
7/12/20;0;52762;0
7/12/20;1;4885;0
6/12/20;0;51505;0
6/12/20;1;4725;0
5/12/20;0;56893;0
5/12/20;1;5318;0
4/12/20;0;55740;0
4/12/20;1;5189;0
3/12/20;0;48124;0
3/12/20;1;4583;0
2/12/20;0;48730;0
2/12/20;1;4668;0
1/12/20;0;43128;0
1/12/20;1;4252;0
30/11/20;0;46822;0
30/11/20;1;4643;0
29/11/20;0;45021;0
29/11/20;1;4307;0
28/11/20;0;57293;0
28/11/20;1;5378;0
27/11/20;0;50111;0
27/11/20;1;4787;0
26/11/20;0;53213;0
26/11/20;1;5065;0
25/11/20;0;52796;0
25/11/20;1;5051;0
24/11/20;0;46074;0
24/11/20;1;4339;0
23/11/20;0;53244;0
23/11/20;1;5167;0
22/11/20;0;37239;0
22/11/20;1;3665;0
21/11/20;0;35163;0
21/11/20;1;3316;0
20/11/20;0;46493;0
20/11/20;1;4385;0
19/11/20;0;56978;0
19/11/20;1;5506;0
18/11/20;0;49214;0
18/11/20;1;4695;0
17/11/20;0;45383;0
17/11/20;1;4285;0
16/11/20;0;56893;0
16/11/20;1;5479;0
15/11/20;0;56514;0
15/11/20;1;5392;0
14/11/20;0;57784;0
14/11/20;1;5485;0
13/11/20;0;57841;0
13/11/20;1;5472;0
12/11/20;0;18788;0
12/11/20;1;1832;0
11/11/20;0;37338;0
11/11/20;1;3749;0
10/11/20;0;58591;0
10/11/20;1;5522;0
9/11/20;0;57540;0
9/11/20;1;5454;0
8/11/20;0;37637;0
8/11/20;1;3677;0
7/11/20;0;31982;0
7/11/20;1;3143;0
6/11/20;0;54219;0
6/11/20;1;5102;0
5/11/20;0;50776;0
5/11/20;1;4783;0
4/11/20;0;45510;0
4/11/20;1;4231;0
3/11/20;0;55243;0
3/11/20;1;5270;0
2/11/20;0;53454;0
2/11/20;1;5204;0
1/11/20;0;32819;0
1/11/20;1;3171;0
31/10/20;0;28326;0
31/10/20;1;2746;0
30/10/20;0;32845;0
30/10/20;1;3272;0
29/10/20;0;24965;0
29/10/20;1;2484;0
28/10/20;0;41421;0
28/10/20;1;3967;0
27/10/20;0;22367;0
27/10/20;1;2158;0
26/10/20;0;47241;0
26/10/20;1;4460;0
25/10/20;0;53719;0
25/10/20;1;5062;0
24/10/20;0;57364;0
24/10/20;1;5478;0
23/10/20;0;50084;0
23/10/20;1;4845;0
22/10/20;0;50256;0
22/10/20;1;5029;0
21/10/20;0;36892;0
21/10/20;1;3477;0
20/10/20;0;33231;0
20/10/20;1;3236;0
19/10/20;0;19768;0
19/10/20;1;1949;0
18/10/20;0;4014;0
18/10/20;1;377;0
17/10/20;0;10709;0
17/10/20;1;1146;0
16/10/20;0;26898;0
16/10/20;1;2726;0
15/10/20;0;60118;0
15/10/20;1;5973;0
14/10/20;0;53539;0
14/10/20;1;5357;0
13/10/20;0;17816;0
13/10/20;1;1810;0
12/10/20;0;37574;0
12/10/20;1;3684;0
11/10/20;0;23494;0
11/10/20;1;2354;0
10/10/20;0;30174;0
10/10/20;1;3009;0
9/10/20;0;17442;0
9/10/20;1;1812;0
8/10/20;0;17346;0
8/10/20;1;1825;0
7/10/20;0;49045;0
7/10/20;1;4763;0
6/10/20;0;40401;0
6/10/20;1;3938;0
5/10/20;0;39120;0
5/10/20;1;3925;0
4/10/20;0;56136;0
4/10/20;1;5639;0
3/10/20;0;27017;0
3/10/20;1;2634;0
2/10/20;0;50910;0
2/10/20;1;4943;0
1/10/20;0;61048;0
1/10/20;1;6021;0
30/9/20;0;43438;0
30/9/20;1;4331;0
29/9/20;0;37465;0
29/9/20;1;3701;0
28/9/20;0;33045;0
28/9/20;1;3349;0
27/9/20;0;56387;0
27/9/20;1;5501;0
26/9/20;0;57439;0
26/9/20;1;5745;0
25/9/20;0;63110;0
25/9/20;1;6359;0
24/9/20;0;54280;0
24/9/20;1;5354;0
23/9/20;0;39715;0
23/9/20;1;3924;0
22/9/20;0;38390;0
22/9/20;1;3913;0
21/9/20;0;42792;0
21/9/20;1;4232;0
20/9/20;0;31489;0
20/9/20;1;3146;0
19/9/20;0;30113;0
19/9/20;1;3058;0
18/9/20;0;16021;0
18/9/20;1;1607;0
17/9/20;0;53056;0
17/9/20;1;5323;0
16/9/20;0;62917;0
16/9/20;1;6314;0
15/9/20;0;47950;0
15/9/20;1;4768;0
14/9/20;0;46510;0
14/9/20;1;4533;0
13/9/20;0;32623;0
13/9/20;1;3271;0
12/9/20;0;44206;0
12/9/20;1;4373;0
11/9/20;0;44240;0
11/9/20;1;4290;0
10/9/20;0;46343;0
10/9/20;1;4503;0
9/9/20;0;38595;0
9/9/20;1;3777;0
8/9/20;0;47971;0
8/9/20;1;4707;0
7/9/20;0;51744;0
7/9/20;1;5239;0
6/9/20;0;59788;0
6/9/20;1;6023;0
5/9/20;0;45128;0
5/9/20;1;4483;0
4/9/20;0;43138;0
4/9/20;1;4216;0
3/9/20;0;58268;0
3/9/20;1;5796;0
2/9/20;0;56975;0
2/9/20;1;5659;0
1/9/20;0;39877;0
1/9/20;1;4138;0
31/8/20;0;43792;0
31/8/20;1;4373;0
30/8/20;0;53685;0
30/8/20;1;5365;0
29/8/20;0;51346;0
29/8/20;1;5070;0
28/8/20;0;36631;0
28/8/20;1;3625;0
27/8/20;0;55176;0
27/8/20;1;5520;0
26/8/20;0;63460;0
26/8/20;1;6423;0
25/8/20;0;56141;0
25/8/20;1;5573;0
24/8/20;0;61011;0
24/8/20;1;6180;0
23/8/20;0;52808;0
23/8/20;1;5254;0
22/8/20;0;55260;0
22/8/20;1;5581;0
21/8/20;0;37360;0
21/8/20;1;3675;0
20/8/20;0;46918;0
20/8/20;1;4672;0
19/8/20;0;53318;0
19/8/20;1;5430;0
18/8/20;0;55274;0
18/8/20;1;5535;0
17/8/20;0;52211;0
17/8/20;1;5256;0
16/8/20;0;47733;0
16/8/20;1;4820;0
15/8/20;0;32500;0
15/8/20;1;3177;0
14/8/20;0;28703;0
14/8/20;1;2767;0
13/8/20;0;46212;0
13/8/20;1;4646;0
12/8/20;0;47359;0
12/8/20;1;4765;0
11/8/20;0;43648;0
11/8/20;1;4456;0
10/8/20;0;37819;0
10/8/20;1;3733;0
9/8/20;0;53974;0
9/8/20;1;5486;0
8/8/20;0;51529;0
8/8/20;1;5354;0
7/8/20;0;19799;0
7/8/20;1;1961;0
6/8/20;0;54228;0
6/8/20;1;5450;0
5/8/20;0;37890;0
5/8/20;1;3770;0
4/8/20;0;23468;0
4/8/20;1;2330;0
3/8/20;0;40253;0
3/8/20;1;3987;0
2/8/20;0;30072;0
2/8/20;1;2951;0
1/8/20;0;32135;0
1/8/20;1;3294;0
31/7/20;0;59302;0
31/7/20;1;6019;0
30/7/20;0;59702;0
30/7/20;1;6100;0
29/7/20;0;60066;0
29/7/20;1;6104;0
28/7/20;0;48891;0
28/7/20;1;4842;0
27/7/20;0;53125;0
27/7/20;1;5300;0
26/7/20;0;49847;0
26/7/20;1;5139;0
25/7/20;0;49933;0
25/7/20;1;4957;0
24/7/20;0;43192;0
24/7/20;1;4281;0
23/7/20;0;46489;0
23/7/20;1;4623;0
22/7/20;0;35728;0
22/7/20;1;3678;0
21/7/20;0;43303;0
21/7/20;1;4436;0
20/7/20;0;38939;0
20/7/20;1;3801;0
19/7/20;0;39052;0
19/7/20;1;3969;0
18/7/20;0;58958;0
18/7/20;1;5956;0
17/7/20;0;62302;0
17/7/20;1;6501;0
16/7/20;0;58166;0
16/7/20;1;5959;0
15/7/20;0;55637;0
15/7/20;1;5595;0
14/7/20;0;41626;0
14/7/20;1;4083;0
13/7/20;0;49548;0
13/7/20;1;4934;0
12/7/20;0;45428;0
12/7/20;1;4482;0
11/7/20;0;49308;0
11/7/20;1;4807;0
10/7/20;0;60720;0
10/7/20;1;6250;0
9/7/20;0;58613;0
9/7/20;1;5969;0
8/7/20;0;38085;0
8/7/20;1;3815;0
7/7/20;0;43127;0
7/7/20;1;4258;0
6/7/20;0;52787;0
6/7/20;1;5463;0
5/7/20;0;47431;0
5/7/20;1;5047;0
4/7/20;0;31219;0
4/7/20;1;3071;0
3/7/20;0;46834;0
3/7/20;1;4701;0
2/7/20;0;42824;0
2/7/20;1;4264;0
1/7/20;0;51327;0
1/7/20;1;5318;0
30/6/20;0;51086;0
30/6/20;1;5142;0
29/6/20;0;53437;0
29/6/20;1;5397;0
28/6/20;0;51767;0
28/6/20;1;5686;0
27/6/20;0;51891;0
27/6/20;1;6278;0
26/6/20;0;52289;0
26/6/20;1;5198;0
25/6/20;0;51358;0
25/6/20;1;5199;0
24/6/20;0;52318;0
24/6/20;1;5330;0
23/6/20;0;47707;0
23/6/20;1;4931;0
22/6/20;0;54361;0
22/6/20;1;5421;0
21/6/20;0;55079;0
21/6/20;1;5916;0
20/6/20;0;60220;0
20/6/20;1;6333;0
19/6/20;0;55254;0
19/6/20;1;5671;0
18/6/20;0;48519;0
18/6/20;1;4941;0
17/6/20;0;25612;0
17/6/20;1;2553;0
16/6/20;0;32591;0
16/6/20;1;3224;0
15/6/20;0;33041;0
15/6/20;1;3318;0
14/6/20;0;47859;0
14/6/20;1;4770;0
13/6/20;0;52567;0
13/6/20;1;5362;0
12/6/20;0;56176;0
12/6/20;1;5791;0
11/6/20;0;58613;0
11/6/20;1;5956;0
10/6/20;0;47047;0
10/6/20;1;4705;0
9/6/20;0;42730;0
9/6/20;1;4260;0
8/6/20;0;51333;0
8/6/20;1;5385;0
7/6/20;0;49559;0
7/6/20;1;5031;0
6/6/20;0;48865;0
6/6/20;1;5039;0
5/6/20;0;32861;0
5/6/20;1;3191;0
4/6/20;0;38505;0
4/6/20;1;3798;0
3/6/20;0;56430;0
3/6/20;1;5807;0
2/6/20;0;39090;0
2/6/20;1;3936;0
1/6/20;0;56154;0
1/6/20;1;5724;0
31/5/20;0;56420;0
31/5/20;1;5980;0
30/5/20;0;42631;0
30/5/20;1;4412;0
29/5/20;0;44185;0
29/5/20;1;4374;0
28/5/20;0;54542;0
28/5/20;1;5591;0
27/5/20;0;61181;0
27/5/20;1;6342;0
26/5/20;0;44957;0
26/5/20;1;4517;0
25/5/20;0;37381;0
25/5/20;1;3717;0
24/5/20;0;29553;0
24/5/20;1;2868;0
23/5/20;0;41056;0
23/5/20;1;4153;0
22/5/20;0;56737;0
22/5/20;1;5852;0
21/5/20;0;56661;0
21/5/20;1;5739;0
20/5/20;0;55812;0
20/5/20;1;5815;0
19/5/20;0;45905;0
19/5/20;1;4703;0
18/5/20;0;47179;0
18/5/20;1;4865;0
17/5/20;0;50034;0
17/5/20;1;4958;0
16/5/20;0;51733;0
16/5/20;1;5278;0
15/5/20;0;50364;0
15/5/20;1;5105;0
14/5/20;0;31379;0
14/5/20;1;3159;0
13/5/20;0;46110;0
13/5/20;1;4550;0
12/5/20;0;57742;0
12/5/20;1;5948;0
11/5/20;0;19797;0
11/5/20;1;2003;0
10/5/20;0;50437;0
10/5/20;1;5145;0
9/5/20;0;50219;0
9/5/20;1;5102;0
8/5/20;0;36959;0
8/5/20;1;3724;0
7/5/20;0;52050;0
7/5/20;1;5383;0
6/5/20;0;49479;0
6/5/20;1;5016;0
5/5/20;0;54200;0
5/5/20;1;5359;0
4/5/20;0;42244;0
4/5/20;1;4340;0
3/5/20;0;48791;0
3/5/20;1;4867;0
2/5/20;0;52031;0
2/5/20;1;5172;0
1/5/20;0;51950;0
1/5/20;1;5280;0
30/4/20;0;52497;0
30/4/20;1;5190;0
29/4/20;0;33669;0
29/4/20;1;3290;0
28/4/20;0;54002;0
28/4/20;1;5359;0
27/4/20;0;34188;0
27/4/20;1;3294;0
26/4/20;0;47008;0
26/4/20;1;4737;0
25/4/20;0;33158;0
25/4/20;1;3184;0
24/4/20;0;41407;0
24/4/20;1;4125;0
23/4/20;0;49085;0
23/4/20;1;4802;0
22/4/20;0;56133;0
22/4/20;1;5596;0
21/4/20;0;61550;0
21/4/20;1;6228;0
20/4/20;0;53060;0
20/4/20;1;5407;0
19/4/20;0;47519;0
19/4/20;1;4888;0
18/4/20;0;46733;0
18/4/20;1;4633;0
17/4/20;0;38308;0
17/4/20;1;3704;0
16/4/20;0;47231;0
16/4/20;1;4650;0
15/4/20;0;49555;0
15/4/20;1;4830;0
14/4/20;0;43410;0
14/4/20;1;4260;0
13/4/20;0;31766;0
13/4/20;1;3065;0
12/4/20;0;45255;0
12/4/20;1;4524;0
11/4/20;0;45601;0
11/4/20;1;4416;0
10/4/20;0;43569;0
10/4/20;1;4239;0
9/4/20;0;50462;0
9/4/20;1;4997;0
8/4/20;0;51113;0
8/4/20;1;5034;0
7/4/20;0;48882;0
7/4/20;1;4660;0
6/4/20;0;52786;0
6/4/20;1;5202;0
5/4/20;0;49935;0
5/4/20;1;4933;0
4/4/20;0;49560;0
4/4/20;1;4863;0
3/4/20;0;53687;0
3/4/20;1;5272;0
2/4/20;0;49070;0
2/4/20;1;4712;0
1/4/20;0;55601;0
1/4/20;1;5455;0
31/3/20;0;51551;0
31/3/20;1;5001;0
30/3/20;0;48701;0
30/3/20;1;4819;0
29/3/20;0;56405;0
29/3/20;1;5521;0
28/3/20;0;56511;0
28/3/20;1;5344;0
27/3/20;0;57469;0
27/3/20;1;5629;0
26/3/20;0;58418;0
26/3/20;1;5831;0
25/3/20;0;50500;0
25/3/20;1;4980;0
24/3/20;0;59252;0
24/3/20;1;5850;0
23/3/20;0;57470;0
23/3/20;1;5690;0
22/3/20;0;56845;0
22/3/20;1;5688;0
21/3/20;0;50458;0
21/3/20;1;5091;0
20/3/20;0;43212;0
20/3/20;1;4216;0
19/3/20;0;49810;0
19/3/20;1;4793;0
18/3/20;0;47922;0
18/3/20;1;4548;0
17/3/20;0;40738;0
17/3/20;1;3833;0
16/3/20;0;40158;0
16/3/20;1;3707;0
15/3/20;0;10086;0
15/3/20;1;1003;0
14/3/20;0;43911;0
14/3/20;1;4292;0
13/3/20;0;47019;0
13/3/20;1;4556;0
12/3/20;0;46561;0
12/3/20;1;4535;0
11/3/20;0;46994;0
11/3/20;1;4482;0
10/3/20;0;45463;0
10/3/20;1;4212;0
9/3/20;0;47886;0
9/3/20;1;4456;0
8/3/20;0;47297;0
8/3/20;1;4538;0
7/3/20;0;37014;0
7/3/20;1;3679;0
6/3/20;0;47145;0
6/3/20;1;4667;0
5/3/20;0;37551;0
5/3/20;1;3648;0
4/3/20;0;42473;0
4/3/20;1;4117;0
3/3/20;0;40049;0
3/3/20;1;3834;0
2/3/20;0;36390;0
2/3/20;1;3411;0
1/3/20;0;37660;0
1/3/20;1;3491;0
29/2/20;0;37791;0
29/2/20;1;3466;0
28/2/20;0;32429;0
28/2/20;1;2992;0
27/2/20;0;31800;0
27/2/20;1;2887;0
26/2/20;0;36974;0
26/2/20;1;3407;0
25/2/20;0;44638;0
25/2/20;1;3958;0
24/2/20;0;46993;0
24/2/20;1;4245;0
23/2/20;0;45643;0
23/2/20;1;4100;0
22/2/20;0;45730;0
22/2/20;1;4068;0
21/2/20;0;47232;0
21/2/20;1;4262;0
20/2/20;0;47321;0
20/2/20;1;4297;0
19/2/20;0;45845;0
19/2/20;1;4141;0
18/2/20;0;38756;0
18/2/20;1;3631;0
17/2/20;0;48740;0
17/2/20;1;4600;0
16/2/20;0;50433;0
16/2/20;1;4784;0
15/2/20;0;54850;0
15/2/20;1;5005;0
14/2/20;0;45576;0
14/2/20;1;4365;0
13/2/20;0;47955;0
13/2/20;1;4424;0
12/2/20;0;36508;0
12/2/20;1;3409;0
11/2/20;0;41892;0
11/2/20;1;3954;0
10/2/20;0;43055;0
10/2/20;1;3940;0
9/2/20;0;41870;0
9/2/20;1;3802;0
8/2/20;0;40207;0
8/2/20;1;3552;0
7/2/20;0;39014;0
7/2/20;1;3599;0
6/2/20;0;35663;0
6/2/20;1;3210;0
5/2/20;0;42452;0
5/2/20;1;3750;0
4/2/20;0;31788;0
4/2/20;1;2783;0
3/2/20;0;37797;0
3/2/20;1;3221;0
2/2/20;0;40628;0
2/2/20;1;3509;0
1/2/20;0;45292;0
1/2/20;1;3936;0
31/1/20;0;46813;0
31/1/20;1;4192;0
30/1/20;0;42996;0
30/1/20;1;3845;0
29/1/20;0;46607;0
29/1/20;1;4086;0
28/1/20;0;51232;0
28/1/20;1;4586;0
27/1/20;0;53238;0
27/1/20;1;4783;0
26/1/20;0;49908;0
26/1/20;1;4529;0
25/1/20;0;41249;0
25/1/20;1;3747;0
24/1/20;0;43934;0
24/1/20;1;3933;0
23/1/20;0;42235;0
23/1/20;1;3713;0
22/1/20;0;33859;0
22/1/20;1;2978;0
21/1/20;0;38407;0
21/1/20;1;3364;0
20/1/20;0;36546;0
20/1/20;1;3200;0
19/1/20;0;35268;0
19/1/20;1;3098;0
18/1/20;0;26267;0
18/1/20;1;2309;0
17/1/20;0;38478;0
17/1/20;1;3384;0
16/1/20;0;39206;0
16/1/20;1;3438;0
15/1/20;0;35456;0
15/1/20;1;3197;0
14/1/20;0;38663;0
14/1/20;1;3455;0
13/1/20;0;35059;0
13/1/20;1;3140;0
12/1/20;0;40249;0
12/1/20;1;3658;0
11/1/20;0;33442;0
11/1/20;1;2973;0
10/1/20;0;41318;0
10/1/20;1;3695;0
9/1/20;0;47537;0
9/1/20;1;4333;0
8/1/20;0;47359;0
8/1/20;1;4284;0
7/1/20;0;48306;0
7/1/20;1;4366;0
6/1/20;0;49808;0
6/1/20;1;4522;0
5/1/20;0;50491;0
5/1/20;1;4586;0
4/1/20;0;49848;0
4/1/20;1;4544;0
3/1/20;0;41606;0
3/1/20;1;4403;0
2/1/20;0;47982;0
2/1/20;1;4293;0
1/1/20;0;36823;0
1/1/20;1;3494;0
31/12/19;0;43810;0
31/12/19;1;4257;0
30/12/19;0;46476;0
30/12/19;1;4283;0
29/12/19;0;47628;0
29/12/19;1;4277;0
28/12/19;0;43908;0
28/12/19;1;3946;0
27/12/19;0;40493;0
27/12/19;1;3702;0
26/12/19;0;30352;0
26/12/19;1;2611;0
25/12/19;0;13824;0
25/12/19;1;1208;0
24/12/19;0;42876;0
24/12/19;1;3827;0
23/12/19;0;39195;0
23/12/19;1;3386;0
22/12/19;0;48525;0
22/12/19;1;4373;0
21/12/19;0;42917;0
21/12/19;1;3872;0
20/12/19;0;49979;0
20/12/19;1;4550;0
19/12/19;0;48647;0
19/12/19;1;4418;0
18/12/19;0;53352;0
18/12/19;1;4877;0
17/12/19;0;48954;0
17/12/19;1;4440;0
16/12/19;0;49032;0
16/12/19;1;4502;0
15/12/19;0;48783;0
15/12/19;1;4365;0
14/12/19;0;52558;0
14/12/19;1;4752;0
13/12/19;0;51946;0
13/12/19;1;4549;0
12/12/19;0;51402;0
12/12/19;1;4506;0
11/12/19;0;50287;0
11/12/19;1;4320;0
10/12/19;0;53309;0
10/12/19;1;4614;0
9/12/19;0;54961;0
9/12/19;1;4841;0
8/12/19;0;50123;0
8/12/19;1;4632;0
7/12/19;0;53021;0
7/12/19;1;4967;0
6/12/19;0;55273;0
6/12/19;1;4882;0
5/12/19;0;56245;0
5/12/19;1;4981;0
4/12/19;0;53412;0
4/12/19;1;4734;0
3/12/19;0;55000;0
3/12/19;1;4947;0
2/12/19;0;56276;0
2/12/19;1;5205;0
1/12/19;0;44219;0
1/12/19;1;4130;0
30/11/19;0;55539;0
30/11/19;1;5207;0
29/11/19;0;48110;0
29/11/19;1;4504;0
28/11/19;0;54924;0
28/11/19;1;5159;0
27/11/19;0;54744;0
27/11/19;1;5129;0
26/11/19;0;57504;0
26/11/19;1;5308;0
25/11/19;0;48913;0
25/11/19;1;4430;0
24/11/19;0;58515;0
24/11/19;1;5378;0
23/11/19;0;55658;0
23/11/19;1;5051;0
22/11/19;0;54742;0
22/11/19;1;4962;0
21/11/19;0;53908;0
21/11/19;1;4887;0
20/11/19;0;56721;0
20/11/19;1;5231;0
19/11/19;0;54370;0
19/11/19;1;5045;0
18/11/19;0;42084;0
18/11/19;1;3779;0
17/11/19;0;44627;0
17/11/19;1;3894;0
16/11/19;0;53537;0
16/11/19;1;4894;0
15/11/19;0;48710;0
15/11/19;1;4377;0
14/11/19;0;28065;0
14/11/19;1;2688;0
13/11/19;0;38489;0
13/11/19;1;3644;0
12/11/19;0;55345;0
12/11/19;1;5176;0
11/11/19;0;59547;0
11/11/19;1;5425;0
10/11/19;0;55785;0
10/11/19;1;5011;0
9/11/19;0;53236;0
9/11/19;1;4791;0
8/11/19;0;53071;0
8/11/19;1;4808;0
7/11/19;0;56154;0
7/11/19;1;5232;0
6/11/19;0;56538;0
6/11/19;1;5286;0
5/11/19;0;57117;0
5/11/19;1;5300;0
4/11/19;0;39387;0
4/11/19;1;3546;0
3/11/19;0;49233;0
3/11/19;1;4620;0
2/11/19;0;22897;0
2/11/19;1;2213;0
1/11/19;0;28610;0
1/11/19;1;2710;0
31/10/19;0;60258;0
31/10/19;1;5607;0
30/10/19;0;59354;0
30/10/19;1;5747;0
29/10/19;0;53865;0
29/10/19;1;5110;0
28/10/19;0;59689;0
28/10/19;1;5691;0
27/10/19;0;49736;0
27/10/19;1;4681;0
26/10/19;0;59847;0
26/10/19;1;5730;0
25/10/19;0;58405;0
25/10/19;1;5498;0
24/10/19;0;52061;0
24/10/19;1;3542;0
23/10/19;0;37353;0
23/10/19;1;3166;0
22/10/19;0;16795;0
22/10/19;1;3625;0
21/10/19;0;20540;0
21/10/19;1;5474;0
20/10/19;0;17990;0
20/10/19;1;4658;0
19/10/19;0;20121;0
19/10/19;1;5320;0
18/10/19;0;19467;0
18/10/19;1;5140;0
17/10/19;0;21532;0
17/10/19;1;5783;0
16/10/19;0;21249;0
16/10/19;1;5660;0
15/10/19;0;20417;0
15/10/19;1;5371;0
14/10/19;0;19729;0
14/10/19;1;5138;0
13/10/19;0;18739;0
13/10/19;1;4885;0
12/10/19;0;14925;0
12/10/19;1;3854;0
11/10/19;0;17473;0
11/10/19;1;4585;0
10/10/19;0;20228;0
10/10/19;1;5373;0
9/10/19;0;16902;0
9/10/19;1;4490;0
8/10/19;0;20187;0
8/10/19;1;5375;0
7/10/19;0;16540;0
7/10/19;1;4370;0
6/10/19;0;18068;0
6/10/19;1;4708;0
5/10/19;0;12618;0
5/10/19;1;3206;0
4/10/19;0;14480;0
4/10/19;1;3740;0
3/10/19;0;12539;0
3/10/19;1;3162;0
2/10/19;0;17576;0
2/10/19;1;4636;0
1/10/19;0;15804;0
1/10/19;1;4052;0
30/9/19;0;17872;0
30/9/19;1;4408;0
29/9/19;0;23079;0
29/9/19;1;6042;0
28/9/19;0;22610;0
28/9/19;1;5930;0
27/9/19;0;21289;0
27/9/19;1;5697;0
26/9/19;0;21731;0
26/9/19;1;5804;0
25/9/19;0;19744;0
25/9/19;1;5165;0
24/9/19;0;19926;0
24/9/19;1;5228;0
23/9/19;0;12380;0
23/9/19;1;3139;0
22/9/19;0;10111;0
22/9/19;1;2494;0
21/9/19;0;8061;0
21/9/19;1;2043;0
20/9/19;0;11993;0
20/9/19;1;3043;0
19/9/19;0;13422;0
19/9/19;1;3416;0
18/9/19;0;20677;0
18/9/19;1;5470;0
17/9/19;0;18013;0
17/9/19;1;4754;0
16/9/19;0;18372;0
16/9/19;1;4873;0
15/9/19;0;21265;0
15/9/19;1;5683;0
14/9/19;0;13574;0
14/9/19;1;3469;0
13/9/19;0;21824;0
13/9/19;1;5791;0
12/9/19;0;20993;0
12/9/19;1;5642;0
11/9/19;0;19922;0
11/9/19;1;5174;0
10/9/19;0;14076;0
10/9/19;1;3620;0
9/9/19;0;18368;0
9/9/19;1;4776;0
8/9/19;0;18606;0
8/9/19;1;4729;0
7/9/19;0;15977;0
7/9/19;1;4050;0
6/9/19;0;19385;0
6/9/19;1;5094;0
5/9/19;0;14799;0
5/9/19;1;3806;0
4/9/19;0;11303;0
4/9/19;1;2797;0
3/9/19;0;12544;0
3/9/19;1;3143;0
2/9/19;0;16706;0
2/9/19;1;4246;0
1/9/19;0;18003;0
1/9/19;1;4703;0
31/8/19;0;12718;0
31/8/19;1;3172;0
30/8/19;0;6738;0
30/8/19;1;1587;0
29/8/19;0;16260;0
29/8/19;1;4153;0
28/8/19;0;21484;0
28/8/19;1;5715;0
27/8/19;0;17603;0
27/8/19;1;4540;0
26/8/19;0;16240;0
26/8/19;1;4135;0
25/8/19;0;20459;0
25/8/19;1;5324;0
24/8/19;0;16383;0
24/8/19;1;4197;0
23/8/19;0;10262;0
23/8/19;1;2560;0
22/8/19;0;14384;0
22/8/19;1;3660;0
21/8/19;0;21584;0
21/8/19;1;5696;0
20/8/19;0;15300;0
20/8/19;1;3996;0
19/8/19;0;20302;0
19/8/19;1;5435;0
18/8/19;0;21100;0
18/8/19;1;5525;0
17/8/19;0;17236;0
17/8/19;1;4466;0
16/8/19;0;19985;0
16/8/19;1;5265;0
15/8/19;0;19607;0
15/8/19;1;5106;0
14/8/19;0;17366;0
14/8/19;1;4422;0
13/8/19;0;14246;0
13/8/19;1;3609;0
12/8/19;0;19035;0
12/8/19;1;4910;0
11/8/19;0;16002;0
11/8/19;1;4035;0
10/8/19;0;14333;0
10/8/19;1;3603;0
9/8/19;0;14443;0
9/8/19;1;3666;0
8/8/19;0;15998;0
8/8/19;1;4129;0
7/8/19;0;14823;0
7/8/19;1;3772;0
6/8/19;0;17003;0
6/8/19;1;4411;0
5/8/19;0;15538;0
5/8/19;1;4023;0
4/8/19;0;12545;0
4/8/19;1;3083;0
3/8/19;0;17789;0
3/8/19;1;4502;0
2/8/19;0;18307;0
2/8/19;1;4685;0
1/8/19;0;13881;0
1/8/19;1;3527;0
31/7/19;0;18314;0
31/7/19;1;4719;0
30/7/19;0;23014;0
30/7/19;1;6101;0
29/7/19;0;22665;0
29/7/19;1;5989;0
28/7/19;0;18108;0
28/7/19;1;4613;0
27/7/19;0;19794;0
27/7/19;1;5107;0
26/7/19;0;16581;0
26/7/19;1;4184;0
25/7/19;0;17234;0
25/7/19;1;4395;0
24/7/19;0;16040;0
24/7/19;1;4074;0
23/7/19;0;16039;0
23/7/19;1;4169;0
22/7/19;0;21665;0
22/7/19;1;5749;0
21/7/19;0;19593;0
21/7/19;1;5099;0
20/7/19;0;18452;0
20/7/19;1;4929;0
19/7/19;0;23061;0
19/7/19;1;6196;0
18/7/19;0;21701;0
18/7/19;1;5802;0
17/7/19;0;18860;0
17/7/19;1;4981;0
16/7/19;0;22386;0
16/7/19;1;5963;0
15/7/19;0;20837;0
15/7/19;1;5543;0
14/7/19;0;22492;0
14/7/19;1;5871;0
13/7/19;0;22403;0
13/7/19;1;5932;0
12/7/19;0;22065;0
12/7/19;1;5906;0
11/7/19;0;21498;0
11/7/19;1;5669;0
10/7/19;0;19950;0
10/7/19;1;5197;0
9/7/19;0;19561;0
9/7/19;1;5147;0
8/7/19;0;20338;0
8/7/19;1;5316;0
7/7/19;0;15792;0
7/7/19;1;3951;0
6/7/19;0;18244;0
6/7/19;1;4597;0
5/7/19;0;9306;0
5/7/19;1;2256;0
4/7/19;0;11305;0
4/7/19;1;2801;0
3/7/19;0;8469;0
3/7/19;1;2066;0
2/7/19;0;15510;0
2/7/19;1;3860;0
1/7/19;0;17613;0
1/7/19;1;4501;0
30/6/19;0;13714;0
30/6/19;1;3409;0
29/6/19;0;17240;0
29/6/19;1;4441;0
28/6/19;0;15384;0
28/6/19;1;3908;0
27/6/19;0;15728;0
27/6/19;1;4074;0
26/6/19;0;20968;0
26/6/19;1;5603;0
25/6/19;0;19074;0
25/6/19;1;4916;0
24/6/19;0;17302;0
24/6/19;1;4424;0
23/6/19;0;19309;0
23/6/19;1;5223;0
22/6/19;0;22972;0
22/6/19;1;6113;0
21/6/19;0;23365;0
21/6/19;1;6266;0
20/6/19;0;21195;0
20/6/19;1;5605;0
19/6/19;0;15441;0
19/6/19;1;3893;0
18/6/19;0;14096;0
18/6/19;1;3599;0
17/6/19;0;9542;0
17/6/19;1;2305;0
16/6/19;0;18157;0
16/6/19;1;4785;0
15/6/19;0;19925;0
15/6/19;1;5355;0
14/6/19;0;20841;0
14/6/19;1;5481;0
13/6/19;0;17878;0
13/6/19;1;4663;0
12/6/19;0;19567;0
12/6/19;1;5107;0
11/6/19;0;8867;0
11/6/19;1;2207;0
10/6/19;0;19130;0
10/6/19;1;5033;0
9/6/19;0;20038;0
9/6/19;1;5276;0
8/6/19;0;16750;0
8/6/19;1;4306;0
7/6/19;0;14558;0
7/6/19;1;3766;0
6/6/19;0;19707;0
6/6/19;1;5277;0
5/6/19;0;11149;0
5/6/19;1;2793;0
4/6/19;0;22590;0
4/6/19;1;6004;0
3/6/19;0;20067;0
3/6/19;1;5254;0
2/6/19;0;20446;0
2/6/19;1;5417;0
1/6/19;0;22028;0
1/6/19;1;5925;0
31/5/19;0;15442;0
31/5/19;1;3901;0
30/5/19;0;16807;0
30/5/19;1;4314;0
29/5/19;0;16223;0
29/5/19;1;4135;0
28/5/19;0;13631;0
28/5/19;1;3541;0
27/5/19;0;19556;0
27/5/19;1;5129;0
26/5/19;0;21190;0
26/5/19;1;5522;0
25/5/19;0;22695;0
25/5/19;1;6032;0
24/5/19;0;2122;0
24/5/19;1;4542;0
23/5/19;0;11604;0
23/5/19;1;3063;0
22/5/19;0;15734;0
22/5/19;1;3975;0
21/5/19;0;20424;0
21/5/19;1;5475;0
20/5/19;0;19619;0
20/5/19;1;5195;0
19/5/19;0;23485;0
19/5/19;1;6149;0
18/5/19;0;23318;0
18/5/19;1;6098;0
17/5/19;0;22765;0
17/5/19;1;5935;0
16/5/19;0;21937;0
16/5/19;1;5672;0
15/5/19;0;19137;0
15/5/19;1;4985;0
14/5/19;0;13854;0
14/5/19;1;3478;0
13/5/19;0;10676;0
13/5/19;1;2612;0
12/5/19;0;16204;0
12/5/19;1;4135;0
11/5/19;0;22637;0
11/5/19;1;5901;0
10/5/19;0;21006;0
10/5/19;1;5453;0
9/5/19;0;18563;0
9/5/19;1;4705;0
8/5/19;0;20677;0
8/5/19;1;5391;0
7/5/19;0;22634;0
7/5/19;1;5880;0
6/5/19;0;21902;0
6/5/19;1;5657;0
5/5/19;0;21783;0
5/5/19;1;5725;0
4/5/19;0;19886;0
4/5/19;1;5325;0
3/5/19;0;22226;0
3/5/19;1;5791;0
2/5/19;0;24058;0
2/5/19;1;6364;0
1/5/19;0;24200;0
1/5/19;1;6349;0
30/4/19;0;23411;0
30/4/19;1;6113;0
29/4/19;0;18606;0
29/4/19;1;4720;0
28/4/19;0;23162;0
28/4/19;1;5949;0
27/4/19;0;12364;0
27/4/19;1;3734;0
26/4/19;0;16675;0
26/4/19;1;4173;0
25/4/19;0;22607;0
25/4/19;1;5772;0
24/4/19;0;21616;0
24/4/19;1;5620;0
23/4/19;0;20647;0
23/4/19;1;5332;0
22/4/19;0;18127;0
22/4/19;1;4702;0
21/4/19;0;19015;0
21/4/19;1;4890;0
20/4/19;0;22901;0
20/4/19;1;5966;0
19/4/19;0;21297;0
19/4/19;1;5487;0
18/4/19;0;20403;0
18/4/19;1;5282;0
17/4/19;0;22237;0
17/4/19;1;5822;0
16/4/19;0;19662;0
16/4/19;1;5090;0
15/4/19;0;20117;0
15/4/19;1;5224;0
14/4/19;0;22090;0
14/4/19;1;5747;0
13/4/19;0;21173;0
13/4/19;1;5411;0
12/4/19;0;21190;0
12/4/19;1;5405;0
11/4/19;0;21483;0
11/4/19;1;5553;0
10/4/19;0;22328;0
10/4/19;1;5868;0
9/4/19;0;21029;0
9/4/19;1;5575;0
8/4/19;0;22121;0
8/4/19;1;5845;0
7/4/19;0;12213;0
7/4/19;1;3112;0
6/4/19;0;14740;0
6/4/19;1;3756;0
5/4/19;0;20724;0
5/4/19;1;5308;0
4/4/19;0;21452;0
4/4/19;1;5522;0
3/4/19;0;17198;0
3/4/19;1;4461;0
2/4/19;0;20286;0
2/4/19;1;5281;0
1/4/19;0;19997;0
1/4/19;1;5144;0
31/3/19;0;20727;0
31/3/19;1;5375;0
30/3/19;0;14595;0
30/3/19;1;3825;0
29/3/19;0;17123;0
29/3/19;1;4608;0
28/3/19;0;18582;0
28/3/19;1;5070;0
27/3/19;0;13903;0
27/3/19;1;3668;0
26/3/19;0;16836;0
26/3/19;1;4488;0
25/3/19;0;11540;0
25/3/19;1;2951;0
24/3/19;0;15673;0
24/3/19;1;3939;0
23/3/19;0;19053;0
23/3/19;1;4802;0
22/3/19;0;20399;0
22/3/19;1;5171;0
21/3/19;0;19899;0
21/3/19;1;5043;0
20/3/19;0;18232;0
20/3/19;1;4546;0
19/3/19;0;17247;0
19/3/19;1;4242;0
18/3/19;0;16858;0
18/3/19;1;4096;0
17/3/19;0;16889;0
17/3/19;1;4084;0
16/3/19;0;6571;0
16/3/19;1;1500;0
15/3/19;0;19686;0
15/3/19;1;5056;0
14/3/19;0;19581;0
14/3/19;1;4923;0
13/3/19;0;19953;0
13/3/19;1;5047;0
12/3/19;0;20209;0
12/3/19;1;5011;0
11/3/19;0;20670;0
11/3/19;1;5223;0
10/3/19;0;21153;0
10/3/19;1;5435;0
9/3/19;0;20509;0
9/3/19;1;5201;0
8/3/19;0;20055;0
8/3/19;1;5089;0
7/3/19;0;21357;0
7/3/19;1;5447;0
6/3/19;0;21615;0
6/3/19;1;5492;0
5/3/19;0;20551;0
5/3/19;1;5178;0
4/3/19;0;18701;0
4/3/19;1;4733;0
3/3/19;0;17929;0
3/3/19;1;4427;0
2/3/19;0;18289;0
2/3/19;1;4573;0
1/3/19;0;15956;0
1/3/19;1;3974;0
28/2/19;0;15109;0
28/2/19;1;3662;0
27/2/19;0;15725;0
27/2/19;1;3782;0
26/2/19;0;15699;0
26/2/19;1;3901;0
25/2/19;0;15742;0
25/2/19;1;3849;0
24/2/19;0;19086;0
24/2/19;1;4715;0
23/2/19;0;20341;0
23/2/19;1;5119;0
22/2/19;0;20329;0
22/2/19;1;5125;0
21/2/19;0;14470;0
21/2/19;1;3604;0
20/2/19;0;19796;0
20/2/19;1;4958;0
19/2/19;0;21539;0
19/2/19;1;5422;0
18/2/19;0;18565;0
18/2/19;1;4564;0
17/2/19;0;13428;0
17/2/19;1;3289;0
16/2/19;0;16342;0
16/2/19;1;3866;0
15/2/19;0;16850;0
15/2/19;1;3997;0
14/2/19;0;16011;0
14/2/19;1;3774;0
13/2/19;0;19297;0
13/2/19;1;4608;0
12/2/19;0;15976;0
12/2/19;1;3789;0
11/2/19;0;17423;0
11/2/19;1;4070;0
10/2/19;0;15218;0
10/2/19;1;3586;0
9/2/19;0;16888;0
9/2/19;1;4050;0
8/2/19;0;16134;0
8/2/19;1;3956;0
7/2/19;0;17804;0
7/2/19;1;4204;0
6/2/19;0;15107;0
6/2/19;1;3558;0
5/2/19;0;17005;0
5/2/19;1;4035;0
4/2/19;0;18035;0
4/2/19;1;4273;0
3/2/19;0;17267;0
3/2/19;1;4126;0
2/2/19;0;18057;0
2/2/19;1;4349;0
1/2/19;0;18124;0
1/2/19;1;4318;0
31/1/19;0;17449;0
31/1/19;1;4124;0
30/1/19;0;17061;0
30/1/19;1;3898;0
29/1/19;0;19856;0
29/1/19;1;4735;0
28/1/19;0;20280;0
28/1/19;1;4748;0
27/1/19;0;20474;0
27/1/19;1;4749;0
26/1/19;0;20710;0
26/1/19;1;4941;0
25/1/19;0;20908;0
25/1/19;1;4919;0
24/1/19;0;21862;0
24/1/19;1;5193;0
23/1/19;0;21512;0
23/1/19;1;5158;0
22/1/19;0;21201;0
22/1/19;1;5059;0
21/1/19;0;19394;0
21/1/19;1;4590;0
20/1/19;0;18554;0
20/1/19;1;4398;0
19/1/19;0;17187;0
19/1/19;1;4046;0
18/1/19;0;17746;0
18/1/19;1;4131;0
17/1/19;0;18776;0
17/1/19;1;4450;0
16/1/19;0;17000;0
16/1/19;1;4017;0
15/1/19;0;11728;0
15/1/19;1;2726;0
14/1/19;0;18875;0
14/1/19;1;4496;0
13/1/19;0;20663;0
13/1/19;1;5009;0
12/1/19;0;19098;0
12/1/19;1;4494;0
11/1/19;0;18239;0
11/1/19;1;4286;0
10/1/19;0;16133;0
10/1/19;1;3736;0
9/1/19;0;11251;0
9/1/19;1;2624;0
8/1/19;0;11727;0
8/1/19;1;2755;0
7/1/19;0;18121;0
7/1/19;1;4374;0
6/1/19;0;13595;0
6/1/19;1;3234;0
5/1/19;0;3557;0
5/1/19;1;744;0
4/1/19;0;9512;0
4/1/19;1;2297;0
3/1/19;0;9931;0
3/1/19;1;2424;0
2/1/19;0;22160;0
2/1/19;1;5608;0
1/1/19;0;20648;0
1/1/19;1;5237;0
31/12/18;0;21676;0
31/12/18;1;5505;0
30/12/18;0;15366;0
30/12/18;1;3842;0
29/12/18;0;12587;0
29/12/18;1;3079;0
28/12/18;0;16020;0
28/12/18;1;3797;0
27/12/18;0;19185;0
27/12/18;1;4711;0
26/12/18;0;16067;0
26/12/18;1;3894;0
25/12/18;0;18953;0
25/12/18;1;4763;0
24/12/18;0;18609;0
24/12/18;1;4723;0
23/12/18;0;13904;0
23/12/18;1;3359;0
22/12/18;0;15137;0
22/12/18;1;3649;0
21/12/18;0;17872;0
21/12/18;1;4330;0
20/12/18;0;18121;0
20/12/18;1;4574;0
19/12/18;0;19441;0
19/12/18;1;4954;0
18/12/18;0;19726;0
18/12/18;1;4976;0
17/12/18;0;19787;0
17/12/18;1;5088;0
16/12/18;0;15330;0
16/12/18;1;4028;0
15/12/18;0;14628;0
15/12/18;1;3775;0
14/12/18;0;20907;0
14/12/18;1;5365;0
13/12/18;0;20113;0
13/12/18;1;5121;0
12/12/18;0;11404;0
12/12/18;1;2856;0
11/12/18;0;16142;0
11/12/18;1;4121;0
10/12/18;0;16341;0
10/12/18;1;4230;0
9/12/18;0;9597;0
9/12/18;1;2370;0
8/12/18;0;4980;0
8/12/18;1;1169;0
7/12/18;0;14545;0
7/12/18;1;3640;0
6/12/18;0;20075;0
6/12/18;1;5133;0
5/12/18;0;18785;0
5/12/18;1;4830;0
4/12/18;0;18406;0
4/12/18;1;4719;0
3/12/18;0;17884;0
3/12/18;1;4585;0
2/12/18;0;17844;0
2/12/18;1;4545;0
1/12/18;0;14169;0
1/12/18;1;3556;0
30/11/18;0;14069;0
30/11/18;1;3510;0
29/11/18;0;16470;0
29/11/18;1;4292;0
28/11/18;0;12868;0
28/11/18;1;3286;0
27/11/18;0;15250;0
27/11/18;1;3857;0
26/11/18;0;21276;0
26/11/18;1;5433;0
25/11/18;0;21712;0
25/11/18;1;5545;0
24/11/18;0;21413;0
24/11/18;1;5511;0
23/11/18;0;21192;0
23/11/18;1;5566;0
22/11/18;0;17463;0
22/11/18;1;4549;0
21/11/18;0;20316;0
21/11/18;1;5320;0
20/11/18;0;18023;0
20/11/18;1;4720;0
19/11/18;0;18923;0
19/11/18;1;4939;0
18/11/18;0;13861;0
18/11/18;1;3516;0
17/11/18;0;11968;0
17/11/18;1;2975;0
16/11/18;0;14791;0
16/11/18;1;3764;0
15/11/18;0;19008;0
15/11/18;1;4864;0
14/11/18;0;16054;0
14/11/18;1;4136;0
13/11/18;0;12619;0
13/11/18;1;3115;0
12/11/18;0;20915;0
12/11/18;1;5479;0
11/11/18;0;18857;0
11/11/18;1;4914;0
10/11/18;0;14766;0
10/11/18;1;3813;0
9/11/18;0;6854;0
9/11/18;1;1685;0
8/11/18;0;13696;0
8/11/18;1;3495;0
7/11/18;0;15842;0
7/11/18;1;4052;0
6/11/18;0;20638;0
6/11/18;1;5287;0
5/11/18;0;21138;0
5/11/18;1;5451;0
4/11/18;0;22033;0
4/11/18;1;5679;0
3/11/18;0;22517;0
3/11/18;1;5743;0
2/11/18;0;22890;0
2/11/18;1;5821;0
1/11/18;0;23049;0
1/11/18;1;5819;0
31/10/18;0;23169;0
31/10/18;1;5903;0
30/10/18;0;22530;0
30/10/18;1;5866;0
29/10/18;0;20367;0
29/10/18;1;5349;0
28/10/18;0;21617;0
28/10/18;1;5700;0
27/10/18;0;20575;0
27/10/18;1;5397;0
26/10/18;0;18715;0
26/10/18;1;4980;0
25/10/18;0;15617;0
25/10/18;1;4164;0
24/10/18;0;17742;0
24/10/18;1;4591;0
23/10/18;0;18119;0
23/10/18;1;4754;0
22/10/18;0;16295;0
22/10/18;1;4363;0
21/10/18;0;10429;0
21/10/18;1;2634;0
20/10/18;0;8985;0
20/10/18;1;2294;0
19/10/18;0;17533;0
19/10/18;1;4580;0
18/10/18;0;20295;0
18/10/18;1;5504;0
17/10/18;0;16144;0
17/10/18;1;4304;0
16/10/18;0;13876;0
16/10/18;1;3552;0
15/10/18;0;17399;0
15/10/18;1;4529;0
14/10/18;0;18402;0
14/10/18;1;4898;0
13/10/18;0;16287;0
13/10/18;1;4224;0
12/10/18;0;20204;0
12/10/18;1;5431;0
11/10/18;0;18896;0
11/10/18;1;4942;0
10/10/18;0;18395;0
10/10/18;1;4723;0
9/10/18;0;17608;0
9/10/18;1;4557;0
8/10/18;0;15956;0
8/10/18;1;4103;0
7/10/18;0;18373;0
7/10/18;1;4807;0
6/10/18;0;13474;0
6/10/18;1;3480;0
5/10/18;0;18808;0
5/10/18;1;4977;0
4/10/18;0;22010;0
4/10/18;1;5878;0
3/10/18;0;16464;0
3/10/18;1;4292;0
2/10/18;0;14131;0
2/10/18;1;3700;0
1/10/18;0;14780;0
1/10/18;1;3952;0
30/9/18;0;22114;0
30/9/18;1;5866;0
29/9/18;0;17716;0
29/9/18;1;4648;0
28/9/18;0;19407;0
28/9/18;1;5158;0
27/9/18;0;22031;0
27/9/18;1;5942;0
26/9/18;0;23187;0
26/9/18;1;6262;0
25/9/18;0;22984;0
25/9/18;1;6155;0
24/9/18;0;13189;0
24/9/18;1;3446;0
23/9/18;0;18957;0
23/9/18;1;5046;0
22/9/18;0;18274;0
22/9/18;1;4708;0
21/9/18;0;21043;0
21/9/18;1;5686;0
20/9/18;0;15233;0
20/9/18;1;3939;0
19/9/18;0;8132;0
19/9/18;1;1982;0
18/9/18;0;14376;0
18/9/18;1;3719;0
17/9/18;0;23383;0
17/9/18;1;6213;0
16/9/18;0;18025;0
16/9/18;1;4719;0
15/9/18;0;14051;0
15/9/18;1;3658;0
14/9/18;0;11855;0
14/9/18;1;3035;0
13/9/18;0;18901;0
13/9/18;1;4982;0
12/9/18;0;16147;0
12/9/18;1;4219;0
11/9/18;0;20353;0
11/9/18;1;5455;0
10/9/18;0;19165;0
10/9/18;1;4950;0
9/9/18;0;13097;0
9/9/18;1;3367;0
8/9/18;0;11278;0
8/9/18;1;2757;0
7/9/18;0;23106;0
7/9/18;1;6154;0
6/9/18;0;21656;0
6/9/18;1;5798;0
5/9/18;0;21471;0
5/9/18;1;5600;0
4/9/18;0;17276;0
4/9/18;1;4420;0
3/9/18;0;18650;0
3/9/18;1;4841;0
2/9/18;0;22463;0
2/9/18;1;5988;0
1/9/18;0;22446;0
1/9/18;1;5959;0
31/8/18;0;15137;0
31/8/18;1;3903;0
30/8/18;0;20486;0
30/8/18;1;5338;0
29/8/18;0;19825;0
29/8/18;1;5185;0
28/8/18;0;17935;0
28/8/18;1;4635;0
27/8/18;0;17934;0
27/8/18;1;4743;0
26/8/18;0;15063;0
26/8/18;1;3813;0
25/8/18;0;12770;0
25/8/18;1;3186;0
24/8/18;0;15886;0
24/8/18;1;4045;0
23/8/18;0;18339;0
23/8/18;1;4759;0
22/8/18;0;17723;0
22/8/18;1;4576;0
21/8/18;0;15953;0
21/8/18;1;4051;0
20/8/18;0;13754;0
20/8/18;1;3470;0
19/8/18;0;17008;0
19/8/18;1;4378;0
18/8/18;0;14206;0
18/8/18;1;3632;0
17/8/18;0;12645;0
17/8/18;1;3183;0
16/8/18;0;13956;0
16/8/18;1;3538;0
15/8/18;0;18236;0
15/8/18;1;4771;0
14/8/18;0;14160;0
14/8/18;1;3561;0
13/8/18;0;10260;0
13/8/18;1;2504;0
12/8/18;0;17978;0
12/8/18;1;4649;0
11/8/18;0;14000;0
11/8/18;1;3528;0
10/8/18;0;14848;0
10/8/18;1;3772;0
9/8/18;0;15476;0
9/8/18;1;3959;0
8/8/18;0;21321;0
8/8/18;1;5584;0
7/8/18;0;12691;0
7/8/18;1;3310;0
6/8/18;0;15868;0
6/8/18;1;4052;0
5/8/18;0;16375;0
5/8/18;1;4178;0
4/8/18;0;20091;0
4/8/18;1;5242;0
3/8/18;0;17323;0
3/8/18;1;4411;0
2/8/18;0;21728;0
2/8/18;1;5716;0
1/8/18;0;17466;0
1/8/18;1;4464;0
31/7/18;0;16042;0
31/7/18;1;4064;0
30/7/18;0;12326;0
30/7/18;1;3176;0
29/7/18;0;15345;0
29/7/18;1;4010;0
28/7/18;0;14840;0
28/7/18;1;3741;0
27/7/18;0;14770;0
27/7/18;1;3749;0
26/7/18;0;16065;0
26/7/18;1;4149;0
25/7/18;0;14129;0
25/7/18;1;3636;0
24/7/18;0;19259;0
24/7/18;1;4974;0
23/7/18;0;15932;0
23/7/18;1;4117;0
22/7/18;0;13093;0
22/7/18;1;3374;0
21/7/18;0;13579;0
21/7/18;1;3441;0
20/7/18;0;16921;0
20/7/18;1;4442;0
19/7/18;0;12570;0
19/7/18;1;3168;0
18/7/18;0;14918;0
18/7/18;1;3829;0
17/7/18;0;6631;0
17/7/18;1;1636;0
16/7/18;0;13764;0
16/7/18;1;3506;0
15/7/18;0;15436;0
15/7/18;1;3922;0
14/7/18;0;15464;0
14/7/18;1;3974;0
13/7/18;0;17338;0
13/7/18;1;4562;0
12/7/18;0;17371;0
12/7/18;1;4553;0
11/7/18;0;14315;0
11/7/18;1;3620;0
10/7/18;0;16675;0
10/7/18;1;4276;0
9/7/18;0;15335;0
9/7/18;1;3893;0
8/7/18;0;13266;0
8/7/18;1;3307;0
7/7/18;0;16890;0
7/7/18;1;4397;0
6/7/18;0;15409;0
6/7/18;1;3947;0
5/7/18;0;19839;0
5/7/18;1;5300;0
4/7/18;0;21291;0
4/7/18;1;5718;0
3/7/18;0;21471;0
3/7/18;1;5711;0
2/7/18;0;19026;0
2/7/18;1;5053;0
1/7/18;0;23267;0
1/7/18;1;6241;0
30/6/18;0;18829;0
30/6/18;1;5061;0
29/6/18;0;19012;0
29/6/18;1;4984;0
28/6/18;0;16143;0
28/6/18;1;4201;0
27/6/18;0;10963;0
27/6/18;1;2710;0
26/6/18;0;16387;0
26/6/18;1;4233;0
25/6/18;0;12619;0
25/6/18;1;3101;0
24/6/18;0;18156;0
24/6/18;1;4723;0
23/6/18;0;20431;0
23/6/18;1;5429;0
22/6/18;0;20939;0
22/6/18;1;5491;0
21/6/18;0;11944;0
21/6/18;1;3057;0
20/6/18;0;11585;0
20/6/18;1;3033;0
19/6/18;0;20524;0
19/6/18;1;5456;0
18/6/18;0;20673;0
18/6/18;1;5480;0
17/6/18;0;20267;0
17/6/18;1;5357;0
16/6/18;0;17079;0
16/6/18;1;4532;0
15/6/18;0;18932;0
15/6/18;1;5138;0
14/6/18;0;17993;0
14/6/18;1;4797;0
13/6/18;0;18740;0
13/6/18;1;4947;0
12/6/18;0;19548;0
12/6/18;1;5129;0
11/6/18;0;13937;0
11/6/18;1;3549;0
10/6/18;0;13388;0
10/6/18;1;3375;0
9/6/18;0;10283;0
9/6/18;1;2542;0
8/6/18;0;17271;0
8/6/18;1;4428;0
7/6/18;0;15019;0
7/6/18;1;3857;0
6/6/18;0;21106;0
6/6/18;1;5706;0
5/6/18;0;18314;0
5/6/18;1;4966;0
4/6/18;0;21767;0
4/6/18;1;5789;0
3/6/18;0;22475;0
3/6/18;1;6033;0
2/6/18;0;22771;0
2/6/18;1;6196;0
1/6/18;0;16716;0
1/6/18;1;4357;0
31/5/18;0;14892;0
31/5/18;1;3831;0
30/5/18;0;16877;0
30/5/18;1;4451;0
29/5/18;0;16746;0
29/5/18;1;4325;0
28/5/18;0;16226;0
28/5/18;1;4174;0
27/5/18;0;17244;0
27/5/18;1;4418;0
26/5/18;0;13124;0
26/5/18;1;3365;0
25/5/18;0;15542;0
25/5/18;1;4063;0
24/5/18;0;18029;0
24/5/18;1;4627;0
23/5/18;0;17256;0
23/5/18;1;4615;0
22/5/18;0;13674;0
22/5/18;1;3498;0
21/5/18;0;17961;0
21/5/18;1;4752;0
20/5/18;0;16425;0
20/5/18;1;4300;0
19/5/18;0;14232;0
19/5/18;1;3747;0
18/5/18;0;13018;0
18/5/18;1;3299;0
17/5/18;0;15457;0
17/5/18;1;3947;0
16/5/18;0;19173;0
16/5/18;1;5063;0
15/5/18;0;14375;0
15/5/18;1;3812;0
14/5/18;0;16455;0
14/5/18;1;4347;0
13/5/18;0;16252;0
13/5/18;1;4319;0
12/5/18;0;13496;0
12/5/18;1;3577;0
11/5/18;0;10167;0
11/5/18;1;2637;0
10/5/18;0;18140;0
10/5/18;1;4713;0
9/5/18;0;18259;0
9/5/18;1;4668;0
8/5/18;0;16953;0
8/5/18;1;4309;0
7/5/18;0;19661;0
7/5/18;1;5122;0
6/5/18;0;21323;0
6/5/18;1;5595;0
5/5/18;0;17850;0
5/5/18;1;4659;0
4/5/18;0;14212;0
4/5/18;1;3702;0
3/5/18;0;14933;0
3/5/18;1;3851;0
2/5/18;0;13217;0
2/5/18;1;3309;0
1/5/18;0;19507;0
1/5/18;1;5067;0
30/4/18;0;14700;0
30/4/18;1;3759;0
29/4/18;0;13756;0
29/4/18;1;3490;0
28/4/18;0;5336;0
28/4/18;1;1298;0
27/4/18;0;17960;0
27/4/18;1;4670;0
26/4/18;0;11337;0
26/4/18;1;2791;0
25/4/18;0;18517;0
25/4/18;1;4741;0
24/4/18;0;19567;0
24/4/18;1;4986;0
23/4/18;0;21927;0
23/4/18;1;5670;0
22/4/18;0;21237;0
22/4/18;1;5461;0
21/4/18;0;20550;0
21/4/18;1;5337;0
20/4/18;0;15815;0
20/4/18;1;4080;0
19/4/18;0;20797;0
19/4/18;1;5645;0
18/4/18;0;18336;0
18/4/18;1;6097;0
17/4/18;0;10537;0
17/4/18;1;2621;0
16/4/18;0;19657;0
16/4/18;1;5051;0
15/4/18;0;22705;0
15/4/18;1;5785;0
14/4/18;0;22655;0
14/4/18;1;5873;0
13/4/18;0;23439;0
13/4/18;1;6094;0
12/4/18;0;23417;0
12/4/18;1;6069;0
11/4/18;0;20363;0
11/4/18;1;5199;0
10/4/18;0;23310;0
10/4/18;1;6040;0
9/4/18;0;23867;0
9/4/18;1;6176;0
8/4/18;0;21543;0
8/4/18;1;5479;0
7/4/18;0;10306;0
7/4/18;1;2535;0
6/4/18;0;20645;0
6/4/18;1;5297;0
5/4/18;0;14417;0
5/4/18;1;3590;0
4/4/18;0;14997;0
4/4/18;1;3612;0
3/4/18;0;18463;0
3/4/18;1;4625;0
2/4/18;0;13070;0
2/4/18;1;3074;0
1/4/18;0;12278;0
1/4/18;1;2926;0
31/3/18;0;12034;0
31/3/18;1;2993;0
30/3/18;0;14088;0
30/3/18;1;3456;0
29/3/18;0;18703;0
29/3/18;1;4683;0
28/3/18;0;13957;0
28/3/18;1;3405;0
27/3/18;0;14539;0
27/3/18;1;3485;0
26/3/18;0;15184;0
26/3/18;1;3694;0
25/3/18;0;16095;0
25/3/18;1;3939;0
24/3/18;0;17769;0
24/3/18;1;4386;0
23/3/18;0;18550;0
23/3/18;1;4624;0
22/3/18;0;13351;0
22/3/18;1;3357;0
21/3/18;0;17183;0
21/3/18;1;4418;0
20/3/18;0;22132;0
20/3/18;1;5665;0
19/3/18;0;22560;0
19/3/18;1;5838;0
18/3/18;0;18930;0
18/3/18;1;4858;0
17/3/18;0;19990;0
17/3/18;1;5092;0
16/3/18;0;18633;0
16/3/18;1;4641;0
15/3/18;0;21208;0
15/3/18;1;5276;0
14/3/18;0;21465;0
14/3/18;1;5337;0
13/3/18;0;18668;0
13/3/18;1;4545;0
12/3/18;0;20516;0
12/3/18;1;4989;0
11/3/18;0;21119;0
11/3/18;1;5097;0
10/3/18;0;15585;0
10/3/18;1;3767;0
9/3/18;0;6663;0
9/3/18;1;1529;0
8/3/18;0;13239;0
8/3/18;1;3310;0
7/3/18;0;10431;0
7/3/18;1;2561;0
6/3/18;0;17617;0
6/3/18;1;4498;0
5/3/18;0;20711;0
5/3/18;1;5303;0
4/3/18;0;21468;0
4/3/18;1;5478;0
3/3/18;0;20476;0
3/3/18;1;5179;0
2/3/18;0;19916;0
2/3/18;1;4975;0
1/3/18;0;21031;0
1/3/18;1;5273;0
28/2/18;0;22672;0
28/2/18;1;5761;0
27/2/18;0;15205;0
27/2/18;1;3719;0
26/2/18;0;18785;0
26/2/18;1;4642;0
25/2/18;0;18504;0
25/2/18;1;4563;0
24/2/18;0;15789;0
24/2/18;1;3953;0
23/2/18;0;14653;0
23/2/18;1;3676;0
22/2/18;0;15484;0
22/2/18;1;3839;0
21/2/18;0;17691;0
21/2/18;1;4396;0
20/2/18;0;15767;0
20/2/18;1;3842;0
19/2/18;0;10394;0
19/2/18;1;2431;0
18/2/18;0;18792;0
18/2/18;1;4487;0
17/2/18;0;17560;0
17/2/18;1;4214;0
16/2/18;0;17179;0
16/2/18;1;4116;0
15/2/18;0;17792;0
15/2/18;1;4128;0
14/2/18;0;20719;0
14/2/18;1;5042;0
13/2/18;0;20963;0
13/2/18;1;5085;0
12/2/18;0;20066;0
12/2/18;1;4782;0
11/2/18;0;15465;0
11/2/18;1;3599;0
10/2/18;0;15757;0
10/2/18;1;3810;0
9/2/18;0;14752;0
9/2/18;1;3405;0
8/2/18;0;18022;0
8/2/18;1;4212;0
7/2/18;0;20390;0
7/2/18;1;4769;0
6/2/18;0;21773;0
6/2/18;1;5189;0
5/2/18;0;18618;0
5/2/18;1;4236;0
4/2/18;0;15699;0
4/2/18;1;3601;0
3/2/18;0;9645;0
3/2/18;1;2223;0
2/2/18;0;11658;0
2/2/18;1;2840;0
1/2/18;0;16569;0
1/2/18;1;4021;0
31/1/18;0;15443;0
31/1/18;1;3774;0
30/1/18;0;14761;0
30/1/18;1;3570;0
29/1/18;0;16498;0
29/1/18;1;4064;0
28/1/18;0;17850;0
28/1/18;1;4400;0
27/1/18;0;11557;0
27/1/18;1;2690;0
26/1/18;0;16502;0
26/1/18;1;4010;0
25/1/18;0;13942;0
25/1/18;1;3359;0
24/1/18;0;9748;0
24/1/18;1;2292;0
23/1/18;0;15650;0
23/1/18;1;3794;0
22/1/18;0;16936;0
22/1/18;1;4050;0
21/1/18;0;18151;0
21/1/18;1;4347;0
20/1/18;0;15281;0
20/1/18;1;3702;0
19/1/18;0;20535;0
19/1/18;1;5076;0
18/1/18;0;19350;0
18/1/18;1;4669;0
17/1/18;0;18767;0
17/1/18;1;4478;0
16/1/18;0;17992;0
16/1/18;1;4378;0
15/1/18;0;17508;0
15/1/18;1;4148;0
14/1/18;0;21425;0
14/1/18;1;5211;0
13/1/18;0;20521;0
13/1/18;1;4850;0
12/1/18;0;6966;0
12/1/18;1;4700;0
11/1/18;0;0;0
11/1/18;1;3386;0
10/1/18;0;0;0
10/1/18;1;1185;0
9/1/18;0;0;0
9/1/18;1;4237;0
8/1/18;0;0;0
8/1/18;1;3149;0
7/1/18;0;0;0
7/1/18;1;4215;0
6/1/18;0;0;0
6/1/18;1;3150;0
5/1/18;0;0;0
5/1/18;1;4862;0
4/1/18;0;0;0
4/1/18;1;4604;0
3/1/18;0;0;0
3/1/18;1;3909;0
2/1/18;0;0;0
2/1/18;1;5254;0
1/1/18;0;0;0
1/1/18;1;4515;0
31/12/17;0;0;0
31/12/17;1;4722;0
30/12/17;0;0;0
30/12/17;1;5079;0
29/12/17;0;0;0
29/12/17;1;4465;0
28/12/17;0;0;0
28/12/17;1;3177;0
27/12/17;0;0;0
27/12/17;1;1050;0
26/12/17;0;0;0
26/12/17;1;1560;0
25/12/17;0;0;0
25/12/17;1;4124;0
24/12/17;0;0;0
24/12/17;1;5144;0
23/12/17;0;0;0
23/12/17;1;4841;0
22/12/17;0;0;0
22/12/17;1;5025;0
21/12/17;0;0;0
21/12/17;1;5371;0
20/12/17;0;0;0
20/12/17;1;5215;0
19/12/17;0;0;0
19/12/17;1;5301;0
18/12/17;0;0;0
18/12/17;1;5099;0
17/12/17;0;0;0
17/12/17;1;4716;0
16/12/17;0;0;0
16/12/17;1;4428;0
15/12/17;0;0;0
15/12/17;1;3095;0
14/12/17;0;0;0
14/12/17;1;3923;0
13/12/17;0;0;0
13/12/17;1;3912;0
12/12/17;0;0;0
12/12/17;1;2918;0
11/12/17;0;0;0
11/12/17;1;4611;0
10/12/17;0;0;0
10/12/17;1;5003;0
9/12/17;0;0;0
9/12/17;1;4854;0
8/12/17;0;0;0
8/12/17;1;4354;0
7/12/17;0;0;0
7/12/17;1;5078;0
6/12/17;0;0;0
6/12/17;1;4675;0
5/12/17;0;0;0
5/12/17;1;2500;0
4/12/17;0;0;0
4/12/17;1;5030;0
3/12/17;0;0;0
3/12/17;1;5460;0
2/12/17;0;0;0
2/12/17;1;5217;0
1/12/17;0;0;0
1/12/17;1;3885;0
30/11/17;0;0;0
30/11/17;1;3780;0
29/11/17;0;0;0
29/11/17;1;5275;0
28/11/17;0;0;0
28/11/17;1;4733;0
27/11/17;0;0;0
27/11/17;1;5049;0
26/11/17;0;0;0
26/11/17;1;5763;0
25/11/17;0;0;0
25/11/17;1;5704;0
24/11/17;0;15062;0
24/11/17;1;5080;0
23/11/17;0;19750;0
23/11/17;1;5183;0
22/11/17;0;14781;0
22/11/17;1;3824;0
21/11/17;0;18084;0
21/11/17;1;4667;0
20/11/17;0;11378;0
20/11/17;1;2884;0
19/11/17;0;14698;0
19/11/17;1;3761;0
18/11/17;0;18052;0
18/11/17;1;4567;0
17/11/17;0;15857;0
17/11/17;1;4107;0
16/11/17;0;12701;0
16/11/17;1;3251;0
15/11/17;0;16319;0
15/11/17;1;4228;0
14/11/17;0;16900;0
14/11/17;1;4286;0
13/11/17;0;12297;0
13/11/17;1;3084;0
12/11/17;0;17215;0
12/11/17;1;4481;0
11/11/17;0;11900;0
11/11/17;1;3011;0
10/11/17;0;16286;0
10/11/17;1;4189;0
9/11/17;0;16692;0
9/11/17;1;4320;0
8/11/17;0;11195;0
8/11/17;1;2786;0
7/11/17;0;15662;0
7/11/17;1;3940;0
6/11/17;0;13067;0
6/11/17;1;3547;0
5/11/17;0;11367;0
5/11/17;1;2780;0
4/11/17;0;21597;0
4/11/17;1;5439;0
3/11/17;0;22492;0
3/11/17;1;5736;0
2/11/17;0;20717;0
2/11/17;1;5410;0
1/11/17;0;13717;0
1/11/17;1;3507;0
31/10/17;0;21709;0
31/10/17;1;5508;0
30/10/17;0;21993;0
30/10/17;1;5562;0
29/10/17;0;21693;0
29/10/17;1;5536;0
28/10/17;0;18925;0
28/10/17;1;4865;0
27/10/17;0;20285;0
27/10/17;1;5254;0
26/10/17;0;20164;0
26/10/17;1;5130;0
25/10/17;0;18115;0
25/10/17;1;4647;0
24/10/17;0;16126;0
24/10/17;1;4148;0
23/10/17;0;21975;0
23/10/17;1;5805;0
22/10/17;0;20875;0
22/10/17;1;5501;0
21/10/17;0;18491;0
21/10/17;1;4814;0
20/10/17;0;22756;0
20/10/17;1;6109;0
19/10/17;0;24370;0
19/10/17;1;6518;0
18/10/17;0;13352;0
18/10/17;1;3342;0
17/10/17;0;19689;0
17/10/17;1;5124;0
16/10/17;0;20470;0
16/10/17;1;5426;0
15/10/17;0;23273;0
15/10/17;1;6197;0
14/10/17;0;18442;0
14/10/17;1;4812;0
13/10/17;0;11446;0
13/10/17;1;2880;0
12/10/17;0;13257;0
12/10/17;1;3415;0
11/10/17;0;17430;0
11/10/17;1;4527;0
10/10/17;0;15573;0
10/10/17;1;4056;0
9/10/17;0;20576;0
9/10/17;1;5412;0
8/10/17;0;15118;0
8/10/17;1;3942;0
7/10/17;0;14490;0
7/10/17;1;3824;0
6/10/17;0;16231;0
6/10/17;1;4150;0
5/10/17;0;14891;0
5/10/17;1;3863;0
4/10/17;0;13109;0
4/10/17;1;3310;0
3/10/17;0;8944;0
3/10/17;1;2223;0
2/10/17;0;9697;0
2/10/17;1;2418;0
1/10/17;0;15656;0
1/10/17;1;3962;0
30/9/17;0;11432;0
30/9/17;1;2851;0
29/9/17;0;15396;0
29/9/17;1;3974;0
28/9/17;0;21697;0
28/9/17;1;5899;0
27/9/17;0;23918;0
27/9/17;1;6502;0
26/9/17;0;16235;0
26/9/17;1;4207;0
25/9/17;0;21722;0
25/9/17;1;5813;0
24/9/17;0;21806;0
24/9/17;1;5741;0
23/9/17;0;13404;0
23/9/17;1;3478;0
22/9/17;0;15051;0
22/9/17;1;3903;0
21/9/17;0;21199;0
21/9/17;1;5542;0
20/9/17;0;12722;0
20/9/17;1;3202;0
19/9/17;0;24400;0
19/9/17;1;6584;0
18/9/17;0;21613;0
18/9/17;1;5761;0
17/9/17;0;10463;0
17/9/17;1;2590;0
16/9/17;0;16292;0
16/9/17;1;4117;0
15/9/17;0;16010;0
15/9/17;1;4236;0
14/9/17;0;21166;0
14/9/17;1;5587;0
13/9/17;0;21986;0
13/9/17;1;5812;0
12/9/17;0;23073;0
12/9/17;1;6107;0
11/9/17;0;15915;0
11/9/17;1;4067;0
10/9/17;0;16662;0
10/9/17;1;4411;0
9/9/17;0;18077;0
9/9/17;1;4639;0
8/9/17;0;15553;0
8/9/17;1;4061;0
7/9/17;0;12376;0
7/9/17;1;3134;0
6/9/17;0;17056;0
6/9/17;1;4443;0
5/9/17;0;19171;0
5/9/17;1;4998;0
4/9/17;0;22204;0
4/9/17;1;5957;0
3/9/17;0;21245;0
3/9/17;1;5686;0
2/9/17;0;18305;0
2/9/17;1;4774;0
1/9/17;0;24399;0
1/9/17;1;6557;0
31/8/17;0;22619;0
31/8/17;1;6106;0
30/8/17;0;20934;0
30/8/17;1;5533;0
29/8/17;0;10861;0
29/8/17;1;2669;0
28/8/17;0;21437;0
28/8/17;1;5662;0
27/8/17;0;17235;0
27/8/17;1;4401;0
26/8/17;0;16338;0
26/8/17;1;4229;0
25/8/17;0;20391;0
25/8/17;1;5410;0
24/8/17;0;17565;0
24/8/17;1;4544;0
23/8/17;0;21822;0
23/8/17;1;5828;0
22/8/17;0;23404;0
22/8/17;1;6328;0
21/8/17;0;20042;0
21/8/17;1;5295;0
20/8/17;0;19384;0
20/8/17;1;5064;0
19/8/17;0;19930;0
19/8/17;1;5207;0
18/8/17;0;20079;0
18/8/17;1;5268;0
17/8/17;0;8861;0
17/8/17;1;2189;0
16/8/17;0;18386;0
16/8/17;1;4813;0
15/8/17;0;12346;0
15/8/17;1;3118;0
14/8/17;0;20857;0
14/8/17;1;5569;0
13/8/17;0;20654;0
13/8/17;1;5476;0
12/8/17;0;22265;0
12/8/17;1;5880;0
11/8/17;0;23065;0
11/8/17;1;6203;0
10/8/17;0;23319;0
10/8/17;1;6187;0
9/8/17;0;19853;0
9/8/17;1;5216;0
8/8/17;0;13640;0
8/8/17;1;3510;0
7/8/17;0;8622;0
7/8/17;1;2064;0
6/8/17;0;12832;0
6/8/17;1;3178;0
5/8/17;0;10789;0
5/8/17;1;2669;0
4/8/17;0;13695;0
4/8/17;1;3532;0
3/8/17;0;11707;0
3/8/17;1;2996;0
2/8/17;0;19932;0
2/8/17;1;5357;0
1/8/17;0;21907;0
1/8/17;1;5746;0
31/7/17;0;22614;0
31/7/17;1;5989;0
30/7/17;0;21124;0
30/7/17;1;5583;0
29/7/17;0;18729;0
29/7/17;1;4876;0
28/7/17;0;16194;0
28/7/17;1;4221;0
27/7/17;0;17687;0
27/7/17;1;4484;0
26/7/17;0;9310;0
26/7/17;1;2272;0
25/7/17;0;14557;0
25/7/17;1;3715;0
24/7/17;0;19342;0
24/7/17;1;5083;0
23/7/17;0;21809;0
23/7/17;1;5798;0
22/7/17;0;20128;0
22/7/17;1;5263;0
21/7/17;0;17180;0
21/7/17;1;4364;0
20/7/17;0;12492;0
20/7/17;1;3160;0
19/7/17;0;13762;0
19/7/17;1;3463;0
18/7/17;0;13722;0
18/7/17;1;3520;0
17/7/17;0;17132;0
17/7/17;1;4432;0
16/7/17;0;18411;0
16/7/17;1;4768;0
15/7/17;0;19405;0
15/7/17;1;5023;0
14/7/17;0;14185;0
14/7/17;1;3659;0
13/7/17;0;16446;0
13/7/17;1;4332;0
12/7/17;0;15100;0
12/7/17;1;3784;0
11/7/17;0;19380;0
11/7/17;1;5091;0
10/7/17;0;14534;0
10/7/17;1;3603;0
9/7/17;0;21984;0
9/7/17;1;5771;0
8/7/17;0;17132;0
8/7/17;1;4347;0
7/7/17;0;16229;0
7/7/17;1;4136;0
6/7/17;0;21413;0
6/7/17;1;5692;0
5/7/17;0;18921;0
5/7/17;1;4887;0
4/7/17;0;16613;0
4/7/17;1;4238;0
3/7/17;0;18997;0
3/7/17;1;5094;0
2/7/17;0;18947;0
2/7/17;1;4945;0
1/7/17;0;13800;0
1/7/17;1;3639;0
30/6/17;0;14939;0
30/6/17;1;3890;0
29/6/17;0;15273;0
29/6/17;1;3957;0
28/6/17;0;19457;0
28/6/17;1;5184;0
27/6/17;0;20266;0
27/6/17;1;5425;0
26/6/17;0;16322;0
26/6/17;1;4341;0
25/6/17;0;18880;0
25/6/17;1;4921;0
24/6/17;0;21989;0
24/6/17;1;5879;0
23/6/17;0;21341;0
23/6/17;1;5717;0
22/6/17;0;18684;0
22/6/17;1;5003;0
21/6/17;0;20617;0
21/6/17;1;5542;0
20/6/17;0;17646;0
20/6/17;1;4598;0
19/6/17;0;21539;0
19/6/17;1;5716;0
18/6/17;0;16954;0
18/6/17;1;4323;0
17/6/17;0;22064;0
17/6/17;1;5936;0
16/6/17;0;23163;0
16/6/17;1;6157;0
15/6/17;0;16468;0
15/6/17;1;4202;0
14/6/17;0;18595;0
14/6/17;1;4887;0
13/6/17;0;20250;0
13/6/17;1;5343;0
12/6/17;0;20165;0
12/6/17;1;5230;0
11/6/17;0;15167;0
11/6/17;1;3818;0
10/6/17;0;16932;0
10/6/17;1;4518;0
9/6/17;0;16908;0
9/6/17;1;4406;0
8/6/17;0;18301;0
8/6/17;1;4783;0
7/6/17;0;19042;0
7/6/17;1;5084;0
6/6/17;0;16570;0
6/6/17;1;4467;0
5/6/17;0;16656;0
5/6/17;1;4509;0
4/6/17;0;16066;0
4/6/17;1;4113;0
3/6/17;0;20408;0
3/6/17;1;5581;0
2/6/17;0;22090;0
2/6/17;1;6069;0
1/6/17;0;16405;0
1/6/17;1;4243;0
31/5/17;0;15770;0
31/5/17;1;4150;0
30/5/17;0;12139;0
30/5/17;1;3090;0
29/5/17;0;11669;0
29/5/17;1;2946;0
28/5/17;0;13975;0
28/5/17;1;3643;0
27/5/17;0;13418;0
27/5/17;1;3558;0
26/5/17;0;11210;0
26/5/17;1;2880;0
25/5/17;0;16410;0
25/5/17;1;4325;0
24/5/17;0;20653;0
24/5/17;1;5628;0
23/5/17;0;21304;0
23/5/17;1;5762;0
22/5/17;0;19990;0
22/5/17;1;5204;0
21/5/17;0;22692;0
21/5/17;1;6091;0
20/5/17;0;20583;0
20/5/17;1;5470;0
19/5/17;0;19159;0
19/5/17;1;5048;0
18/5/17;0;20623;0
18/5/17;1;5487;0
17/5/17;0;9668;0
17/5/17;1;2462;0
16/5/17;0;14471;0
16/5/17;1;3708;0
15/5/17;0;19028;0
15/5/17;1;4938;0
14/5/17;0;17449;0
14/5/17;1;4581;0
13/5/17;0;8917;0
13/5/17;1;2299;0
12/5/17;0;9036;0
12/5/17;1;2267;0
11/5/17;0;20819;0
11/5/17;1;5547;0
10/5/17;0;15229;0
10/5/17;1;3868;0
9/5/17;0;21062;0
9/5/17;1;5626;0
8/5/17;0;16201;0
8/5/17;1;4340;0
7/5/17;0;21670;0
7/5/17;1;5771;0
6/5/17;0;17372;0
6/5/17;1;4518;0
5/5/17;0;14430;0
5/5/17;1;3625;0
4/5/17;0;11210;0
4/5/17;1;2888;0
3/5/17;0;16671;0
3/5/17;1;4300;0
2/5/17;0;11101;0
2/5/17;1;2853;0
1/5/17;0;18968;0
1/5/17;1;4946;0
30/4/17;0;16526;0
30/4/17;1;4331;0
29/4/17;0;16499;0
29/4/17;1;4256;0
28/4/17;0;13942;0
28/4/17;1;3635;0
27/4/17;0;17755;0
27/4/17;1;4553;0
26/4/17;0;18479;0
26/4/17;1;4722;0
25/4/17;0;21211;0
25/4/17;1;5540;0
24/4/17;0;20741;0
24/4/17;1;5405;0
23/4/17;0;22244;0
23/4/17;1;5884;0
22/4/17;0;22590;0
22/4/17;1;5965;0
21/4/17;0;23452;0
21/4/17;1;6227;0
20/4/17;0;23371;0
20/4/17;1;6321;0
19/4/17;0;21965;0
19/4/17;1;6080;0
18/4/17;0;20871;0
18/4/17;1;5612;0
17/4/17;0;14479;0
17/4/17;1;3627;0
16/4/17;0;22172;0
16/4/17;1;5728;0
15/4/17;0;22099;0
15/4/17;1;5810;0
14/4/17;0;20981;0
14/4/17;1;5557;0
13/4/17;0;20412;0
13/4/17;1;5387;0
12/4/17;0;22976;0
12/4/17;1;6137;0
11/4/17;0;19755;0
11/4/17;1;5178;0
10/4/17;0;22913;0
10/4/17;1;6116;0
9/4/17;0;18553;0
9/4/17;1;4871;0
8/4/17;0;18272;0
8/4/17;1;4869;0
7/4/17;0;17224;0
7/4/17;1;4593;0
6/4/17;0;15594;0
6/4/17;1;3993;0
5/4/17;0;13345;0
5/4/17;1;3387;0
4/4/17;0;14241;0
4/4/17;1;3691;0
3/4/17;0;19506;0
3/4/17;1;5064;0
2/4/17;0;16237;0
2/4/17;1;4150;0
1/4/17;0;16356;0
1/4/17;1;4175;0
31/3/17;0;22930;0
31/3/17;1;6154;0
30/3/17;0;17757;0
30/3/17;1;4698;0
29/3/17;0;16773;0
29/3/17;1;4437;0
28/3/17;0;18215;0
28/3/17;1;4808;0
27/3/17;0;9262;0
27/3/17;1;2299;0
26/3/17;0;17501;0
26/3/17;1;4657;0
25/3/17;0;20232;0
25/3/17;1;5333;0
24/3/17;0;18350;0
24/3/17;1;4787;0
23/3/17;0;17622;0
23/3/17;1;4597;0
22/3/17;0;20692;0
22/3/17;1;5384;0
21/3/17;0;19408;0
21/3/17;1;5023;0
20/3/17;0;18664;0
20/3/17;1;4922;0
19/3/17;0;21789;0
19/3/17;1;5783;0
18/3/17;0;14630;0
18/3/17;1;3811;0
17/3/17;0;11643;0
17/3/17;1;2944;0
16/3/17;0;19286;0
16/3/17;1;4953;0
15/3/17;0;20034;0
15/3/17;1;5129;0
14/3/17;0;17720;0
14/3/17;1;4641;0
13/3/17;0;18441;0
13/3/17;1;4732;0
12/3/17;0;18990;0
12/3/17;1;4968;0
11/3/17;0;16777;0
11/3/17;1;4354;0
10/3/17;0;18378;0
10/3/17;1;4781;0
9/3/17;0;15708;0
9/3/17;1;3978;0
8/3/17;0;13811;0
8/3/17;1;3459;0
7/3/17;0;15070;0
7/3/17;1;3820;0
6/3/17;0;18254;0
6/3/17;1;4614;0
5/3/17;0;18298;0
5/3/17;1;4521;0
4/3/17;0;16777;0
4/3/17;1;4104;0
3/3/17;0;20486;0
3/3/17;1;5159;0
2/3/17;0;19353;0
2/3/17;1;4811;0
1/3/17;0;20085;0
1/3/17;1;5049;0
28/2/17;0;19758;0
28/2/17;1;4927;0
27/2/17;0;16064;0
27/2/17;1;4051;0
26/2/17;0;16652;0
26/2/17;1;4213;0
25/2/17;0;13073;0
25/2/17;1;3238;0
24/2/17;0;13567;0
24/2/17;1;3386;0
23/2/17;0;19023;0
23/2/17;1;4909;0
22/2/17;0;17007;0
22/2/17;1;4295;0
21/2/17;0;18891;0
21/2/17;1;4701;0
20/2/17;0;18658;0
20/2/17;1;4483;0
19/2/17;0;19549;0
19/2/17;1;4819;0
18/2/17;0;20160;0
18/2/17;1;5032;0
17/2/17;0;21977;0
17/2/17;1;5582;0
16/2/17;0;20583;0
16/2/17;1;5166;0
15/2/17;0;20236;0
15/2/17;1;4905;0
14/2/17;0;20192;0
14/2/17;1;4845;0
13/2/17;0;21323;0
13/2/17;1;5206;0
12/2/17;0;21194;0
12/2/17;1;5228;0
11/2/17;0;21560;0
11/2/17;1;5273;0
10/2/17;0;17594;0
10/2/17;1;4210;0
9/2/17;0;19396;0
9/2/17;1;4753;0
8/2/17;0;21213;0
8/2/17;1;5322;0
7/2/17;0;21288;0
7/2/17;1;5314;0
6/2/17;0;20142;0
6/2/17;1;4872;0
5/2/17;0;19853;0
5/2/17;1;4856;0
4/2/17;0;21475;0
4/2/17;1;5578;0
3/2/17;0;13162;0
3/2/17;1;3341;0
2/2/17;0;17542;0
2/2/17;1;4483;0
1/2/17;0;21937;0
1/2/17;1;5553;0
31/1/17;0;21117;0
31/1/17;1;5278;0
30/1/17;0;20128;0
30/1/17;1;5031;0
29/1/17;0;20850;0
29/1/17;1;5211;0
28/1/17;0;21567;0
28/1/17;1;5434;0
27/1/17;0;20641;0
27/1/17;1;5372;0
26/1/17;0;15861;0
26/1/17;1;4096;0
25/1/17;0;19505;0
25/1/17;1;5051;0
24/1/17;0;19333;0
24/1/17;1;5036;0
23/1/17;0;17532;0
23/1/17;1;4537;0
22/1/17;0;21536;0
22/1/17;1;5546;0
21/1/17;0;20591;0
21/1/17;1;5336;0
20/1/17;0;20520;0
20/1/17;1;5355;0
19/1/17;0;21190;0
19/1/17;1;5621;0
18/1/17;0;18953;0
18/1/17;1;4989;0
17/1/17;0;11314;0
17/1/17;1;2896;0
16/1/17;0;20355;0
16/1/17;1;5236;0
15/1/17;0;20249;0
15/1/17;1;5193;0
14/1/17;0;18424;0
14/1/17;1;4678;0
13/1/17;0;15345;0
13/1/17;1;3900;0
12/1/17;0;15990;0
12/1/17;1;4161;0
11/1/17;0;12298;0
11/1/17;1;3129;0
10/1/17;0;5732;0
10/1/17;1;1454;0
9/1/17;0;5425;0
9/1/17;1;1356;0
8/1/17;0;6306;0
8/1/17;1;1589;0
7/1/17;0;11794;0
7/1/17;1;3160;0
6/1/17;0;9172;0
6/1/17;1;2421;0
5/1/17;0;13188;0
5/1/17;1;3565;0
4/1/17;0;13362;0
4/1/17;1;3642;0
3/1/17;0;11145;0
3/1/17;1;2887;0
2/1/17;0;18840;0
2/1/17;1;5100;0
1/1/17;0;20395;0
1/1/17;1;5478;0
31/12/16;0;11275;0
31/12/16;1;2902;0
30/12/16;0;18511;0
30/12/16;1;4942;0
29/12/16;0;21948;0
29/12/16;1;5778;0
28/12/16;0;15832;0
28/12/16;1;4300;0
27/12/16;0;19695;0
27/12/16;1;5244;0
26/12/16;0;19527;0
26/12/16;1;5293;0
25/12/16;0;18990;0
25/12/16;1;5162;0
24/12/16;0;15844;0
24/12/16;1;4364;0
23/12/16;0;19303;0
23/12/16;1;5339;0
22/12/16;0;6766;0
22/12/16;1;1765;0
8/8/16;0;3093;0
8/8/16;1;0;0
